realisation,job_id,actual_duration_min,parent_job_id,provenance
0,J00001c0,24.0,J00001,D:lognormal_from_declared_pairing_rule
1,J00001c0,15.7,J00001,D:lognormal_from_declared_pairing_rule
2,J00001c0,33.8,J00001,D:lognormal_from_declared_pairing_rule
3,J00001c0,32.9,J00001,D:lognormal_from_declared_pairing_rule
4,J00001c0,34.7,J00001,D:lognormal_from_declared_pairing_rule
5,J00001c0,22.9,J00001,D:lognormal_from_declared_pairing_rule
6,J00001c0,14.5,J00001,D:lognormal_from_declared_pairing_rule
7,J00001c0,29.3,J00001,D:lognormal_from_declared_pairing_rule
8,J00001c0,20.6,J00001,D:lognormal_from_declared_pairing_rule
9,J00001c0,61.9,J00001,D:lognormal_from_declared_pairing_rule
10,J00001c0,22.4,J00001,D:lognormal_from_declared_pairing_rule
11,J00001c0,31.3,J00001,D:lognormal_from_declared_pairing_rule
12,J00001c0,18.4,J00001,D:lognormal_from_declared_pairing_rule
13,J00001c0,30.2,J00001,D:lognormal_from_declared_pairing_rule
14,J00001c0,21.5,J00001,D:lognormal_from_declared_pairing_rule
15,J00001c0,24.7,J00001,D:lognormal_from_declared_pairing_rule
16,J00001c0,35.0,J00001,D:lognormal_from_declared_pairing_rule
17,J00001c0,15.6,J00001,D:lognormal_from_declared_pairing_rule
18,J00001c0,35.2,J00001,D:lognormal_from_declared_pairing_rule
19,J00001c0,14.8,J00001,D:lognormal_from_declared_pairing_rule
20,J00001c0,37.0,J00001,D:lognormal_from_declared_pairing_rule
21,J00001c0,23.2,J00001,D:lognormal_from_declared_pairing_rule
22,J00001c0,29.4,J00001,D:lognormal_from_declared_pairing_rule
23,J00001c0,42.6,J00001,D:lognormal_from_declared_pairing_rule
24,J00001c0,24.4,J00001,D:lognormal_from_declared_pairing_rule
25,J00001c0,19.7,J00001,D:lognormal_from_declared_pairing_rule
26,J00001c0,26.6,J00001,D:lognormal_from_declared_pairing_rule
27,J00001c0,28.8,J00001,D:lognormal_from_declared_pairing_rule
28,J00001c0,23.7,J00001,D:lognormal_from_declared_pairing_rule
29,J00001c0,20.0,J00001,D:lognormal_from_declared_pairing_rule
0,J00001c1,11.7,J00001,D:lognormal_from_declared_pairing_rule
1,J00001c1,19.7,J00001,D:lognormal_from_declared_pairing_rule
2,J00001c1,20.1,J00001,D:lognormal_from_declared_pairing_rule
3,J00001c1,14.1,J00001,D:lognormal_from_declared_pairing_rule
4,J00001c1,12.6,J00001,D:lognormal_from_declared_pairing_rule
5,J00001c1,14.2,J00001,D:lognormal_from_declared_pairing_rule
6,J00001c1,16.0,J00001,D:lognormal_from_declared_pairing_rule
7,J00001c1,11.8,J00001,D:lognormal_from_declared_pairing_rule
8,J00001c1,10.8,J00001,D:lognormal_from_declared_pairing_rule
9,J00001c1,17.1,J00001,D:lognormal_from_declared_pairing_rule
10,J00001c1,11.6,J00001,D:lognormal_from_declared_pairing_rule
11,J00001c1,16.5,J00001,D:lognormal_from_declared_pairing_rule
12,J00001c1,16.0,J00001,D:lognormal_from_declared_pairing_rule
13,J00001c1,15.5,J00001,D:lognormal_from_declared_pairing_rule
14,J00001c1,9.8,J00001,D:lognormal_from_declared_pairing_rule
15,J00001c1,19.6,J00001,D:lognormal_from_declared_pairing_rule
16,J00001c1,13.2,J00001,D:lognormal_from_declared_pairing_rule
17,J00001c1,18.8,J00001,D:lognormal_from_declared_pairing_rule
18,J00001c1,15.6,J00001,D:lognormal_from_declared_pairing_rule
19,J00001c1,13.6,J00001,D:lognormal_from_declared_pairing_rule
20,J00001c1,8.9,J00001,D:lognormal_from_declared_pairing_rule
21,J00001c1,21.5,J00001,D:lognormal_from_declared_pairing_rule
22,J00001c1,14.8,J00001,D:lognormal_from_declared_pairing_rule
23,J00001c1,22.6,J00001,D:lognormal_from_declared_pairing_rule
24,J00001c1,11.4,J00001,D:lognormal_from_declared_pairing_rule
25,J00001c1,23.4,J00001,D:lognormal_from_declared_pairing_rule
26,J00001c1,10.8,J00001,D:lognormal_from_declared_pairing_rule
27,J00001c1,15.3,J00001,D:lognormal_from_declared_pairing_rule
28,J00001c1,16.0,J00001,D:lognormal_from_declared_pairing_rule
29,J00001c1,21.2,J00001,D:lognormal_from_declared_pairing_rule
0,J00010c0,25.0,J00010,D:lognormal_from_declared_pairing_rule
1,J00010c0,34.4,J00010,D:lognormal_from_declared_pairing_rule
2,J00010c0,17.1,J00010,D:lognormal_from_declared_pairing_rule
3,J00010c0,30.5,J00010,D:lognormal_from_declared_pairing_rule
4,J00010c0,43.2,J00010,D:lognormal_from_declared_pairing_rule
5,J00010c0,30.0,J00010,D:lognormal_from_declared_pairing_rule
6,J00010c0,16.4,J00010,D:lognormal_from_declared_pairing_rule
7,J00010c0,35.2,J00010,D:lognormal_from_declared_pairing_rule
8,J00010c0,25.4,J00010,D:lognormal_from_declared_pairing_rule
9,J00010c0,25.4,J00010,D:lognormal_from_declared_pairing_rule
10,J00010c0,23.7,J00010,D:lognormal_from_declared_pairing_rule
11,J00010c0,17.6,J00010,D:lognormal_from_declared_pairing_rule
12,J00010c0,34.8,J00010,D:lognormal_from_declared_pairing_rule
13,J00010c0,37.5,J00010,D:lognormal_from_declared_pairing_rule
14,J00010c0,31.9,J00010,D:lognormal_from_declared_pairing_rule
15,J00010c0,42.4,J00010,D:lognormal_from_declared_pairing_rule
16,J00010c0,29.6,J00010,D:lognormal_from_declared_pairing_rule
17,J00010c0,18.7,J00010,D:lognormal_from_declared_pairing_rule
18,J00010c0,25.3,J00010,D:lognormal_from_declared_pairing_rule
19,J00010c0,25.9,J00010,D:lognormal_from_declared_pairing_rule
20,J00010c0,41.8,J00010,D:lognormal_from_declared_pairing_rule
21,J00010c0,29.8,J00010,D:lognormal_from_declared_pairing_rule
22,J00010c0,31.5,J00010,D:lognormal_from_declared_pairing_rule
23,J00010c0,24.6,J00010,D:lognormal_from_declared_pairing_rule
24,J00010c0,33.0,J00010,D:lognormal_from_declared_pairing_rule
25,J00010c0,34.5,J00010,D:lognormal_from_declared_pairing_rule
26,J00010c0,27.2,J00010,D:lognormal_from_declared_pairing_rule
27,J00010c0,27.0,J00010,D:lognormal_from_declared_pairing_rule
28,J00010c0,18.3,J00010,D:lognormal_from_declared_pairing_rule
29,J00010c0,21.4,J00010,D:lognormal_from_declared_pairing_rule
0,J00010c1,15.9,J00010,D:lognormal_from_declared_pairing_rule
1,J00010c1,16.1,J00010,D:lognormal_from_declared_pairing_rule
2,J00010c1,19.3,J00010,D:lognormal_from_declared_pairing_rule
3,J00010c1,12.1,J00010,D:lognormal_from_declared_pairing_rule
4,J00010c1,23.3,J00010,D:lognormal_from_declared_pairing_rule
5,J00010c1,33.4,J00010,D:lognormal_from_declared_pairing_rule
6,J00010c1,24.5,J00010,D:lognormal_from_declared_pairing_rule
7,J00010c1,21.9,J00010,D:lognormal_from_declared_pairing_rule
8,J00010c1,60.1,J00010,D:lognormal_from_declared_pairing_rule
9,J00010c1,18.3,J00010,D:lognormal_from_declared_pairing_rule
10,J00010c1,13.5,J00010,D:lognormal_from_declared_pairing_rule
11,J00010c1,22.1,J00010,D:lognormal_from_declared_pairing_rule
12,J00010c1,17.1,J00010,D:lognormal_from_declared_pairing_rule
13,J00010c1,21.3,J00010,D:lognormal_from_declared_pairing_rule
14,J00010c1,16.5,J00010,D:lognormal_from_declared_pairing_rule
15,J00010c1,47.5,J00010,D:lognormal_from_declared_pairing_rule
16,J00010c1,19.9,J00010,D:lognormal_from_declared_pairing_rule
17,J00010c1,43.9,J00010,D:lognormal_from_declared_pairing_rule
18,J00010c1,23.3,J00010,D:lognormal_from_declared_pairing_rule
19,J00010c1,15.6,J00010,D:lognormal_from_declared_pairing_rule
20,J00010c1,17.0,J00010,D:lognormal_from_declared_pairing_rule
21,J00010c1,13.6,J00010,D:lognormal_from_declared_pairing_rule
22,J00010c1,19.9,J00010,D:lognormal_from_declared_pairing_rule
23,J00010c1,17.7,J00010,D:lognormal_from_declared_pairing_rule
24,J00010c1,12.6,J00010,D:lognormal_from_declared_pairing_rule
25,J00010c1,36.0,J00010,D:lognormal_from_declared_pairing_rule
26,J00010c1,23.9,J00010,D:lognormal_from_declared_pairing_rule
27,J00010c1,34.6,J00010,D:lognormal_from_declared_pairing_rule
28,J00010c1,13.4,J00010,D:lognormal_from_declared_pairing_rule
29,J00010c1,14.3,J00010,D:lognormal_from_declared_pairing_rule
0,J00013c0,13.0,J00013,D:lognormal_from_declared_pairing_rule
1,J00013c0,19.6,J00013,D:lognormal_from_declared_pairing_rule
2,J00013c0,21.5,J00013,D:lognormal_from_declared_pairing_rule
3,J00013c0,13.4,J00013,D:lognormal_from_declared_pairing_rule
4,J00013c0,22.3,J00013,D:lognormal_from_declared_pairing_rule
5,J00013c0,12.2,J00013,D:lognormal_from_declared_pairing_rule
6,J00013c0,17.8,J00013,D:lognormal_from_declared_pairing_rule
7,J00013c0,12.0,J00013,D:lognormal_from_declared_pairing_rule
8,J00013c0,22.3,J00013,D:lognormal_from_declared_pairing_rule
9,J00013c0,20.5,J00013,D:lognormal_from_declared_pairing_rule
10,J00013c0,12.6,J00013,D:lognormal_from_declared_pairing_rule
11,J00013c0,13.7,J00013,D:lognormal_from_declared_pairing_rule
12,J00013c0,21.9,J00013,D:lognormal_from_declared_pairing_rule
13,J00013c0,24.4,J00013,D:lognormal_from_declared_pairing_rule
14,J00013c0,21.5,J00013,D:lognormal_from_declared_pairing_rule
15,J00013c0,18.2,J00013,D:lognormal_from_declared_pairing_rule
16,J00013c0,31.6,J00013,D:lognormal_from_declared_pairing_rule
17,J00013c0,29.4,J00013,D:lognormal_from_declared_pairing_rule
18,J00013c0,14.3,J00013,D:lognormal_from_declared_pairing_rule
19,J00013c0,22.3,J00013,D:lognormal_from_declared_pairing_rule
20,J00013c0,17.3,J00013,D:lognormal_from_declared_pairing_rule
21,J00013c0,14.9,J00013,D:lognormal_from_declared_pairing_rule
22,J00013c0,24.1,J00013,D:lognormal_from_declared_pairing_rule
23,J00013c0,41.0,J00013,D:lognormal_from_declared_pairing_rule
24,J00013c0,27.8,J00013,D:lognormal_from_declared_pairing_rule
25,J00013c0,13.4,J00013,D:lognormal_from_declared_pairing_rule
26,J00013c0,15.9,J00013,D:lognormal_from_declared_pairing_rule
27,J00013c0,15.6,J00013,D:lognormal_from_declared_pairing_rule
28,J00013c0,17.4,J00013,D:lognormal_from_declared_pairing_rule
29,J00013c0,22.1,J00013,D:lognormal_from_declared_pairing_rule
0,J00016c0,23.4,J00016,D:lognormal_from_declared_pairing_rule
1,J00016c0,22.3,J00016,D:lognormal_from_declared_pairing_rule
2,J00016c0,32.3,J00016,D:lognormal_from_declared_pairing_rule
3,J00016c0,18.4,J00016,D:lognormal_from_declared_pairing_rule
4,J00016c0,24.5,J00016,D:lognormal_from_declared_pairing_rule
5,J00016c0,25.3,J00016,D:lognormal_from_declared_pairing_rule
6,J00016c0,18.5,J00016,D:lognormal_from_declared_pairing_rule
7,J00016c0,37.3,J00016,D:lognormal_from_declared_pairing_rule
8,J00016c0,27.7,J00016,D:lognormal_from_declared_pairing_rule
9,J00016c0,16.8,J00016,D:lognormal_from_declared_pairing_rule
10,J00016c0,18.8,J00016,D:lognormal_from_declared_pairing_rule
11,J00016c0,20.8,J00016,D:lognormal_from_declared_pairing_rule
12,J00016c0,37.4,J00016,D:lognormal_from_declared_pairing_rule
13,J00016c0,30.0,J00016,D:lognormal_from_declared_pairing_rule
14,J00016c0,20.3,J00016,D:lognormal_from_declared_pairing_rule
15,J00016c0,24.5,J00016,D:lognormal_from_declared_pairing_rule
16,J00016c0,22.4,J00016,D:lognormal_from_declared_pairing_rule
17,J00016c0,36.2,J00016,D:lognormal_from_declared_pairing_rule
18,J00016c0,18.8,J00016,D:lognormal_from_declared_pairing_rule
19,J00016c0,22.4,J00016,D:lognormal_from_declared_pairing_rule
20,J00016c0,56.4,J00016,D:lognormal_from_declared_pairing_rule
21,J00016c0,24.9,J00016,D:lognormal_from_declared_pairing_rule
22,J00016c0,26.6,J00016,D:lognormal_from_declared_pairing_rule
23,J00016c0,21.3,J00016,D:lognormal_from_declared_pairing_rule
24,J00016c0,41.6,J00016,D:lognormal_from_declared_pairing_rule
25,J00016c0,22.1,J00016,D:lognormal_from_declared_pairing_rule
26,J00016c0,12.4,J00016,D:lognormal_from_declared_pairing_rule
27,J00016c0,19.2,J00016,D:lognormal_from_declared_pairing_rule
28,J00016c0,31.4,J00016,D:lognormal_from_declared_pairing_rule
29,J00016c0,16.4,J00016,D:lognormal_from_declared_pairing_rule
0,J00016c1,14.8,J00016,D:lognormal_from_declared_pairing_rule
1,J00016c1,14.5,J00016,D:lognormal_from_declared_pairing_rule
2,J00016c1,26.1,J00016,D:lognormal_from_declared_pairing_rule
3,J00016c1,20.9,J00016,D:lognormal_from_declared_pairing_rule
4,J00016c1,10.9,J00016,D:lognormal_from_declared_pairing_rule
5,J00016c1,10.7,J00016,D:lognormal_from_declared_pairing_rule
6,J00016c1,16.4,J00016,D:lognormal_from_declared_pairing_rule
7,J00016c1,15.8,J00016,D:lognormal_from_declared_pairing_rule
8,J00016c1,18.9,J00016,D:lognormal_from_declared_pairing_rule
9,J00016c1,30.7,J00016,D:lognormal_from_declared_pairing_rule
10,J00016c1,8.8,J00016,D:lognormal_from_declared_pairing_rule
11,J00016c1,16.0,J00016,D:lognormal_from_declared_pairing_rule
12,J00016c1,13.3,J00016,D:lognormal_from_declared_pairing_rule
13,J00016c1,18.5,J00016,D:lognormal_from_declared_pairing_rule
14,J00016c1,18.6,J00016,D:lognormal_from_declared_pairing_rule
15,J00016c1,15.9,J00016,D:lognormal_from_declared_pairing_rule
16,J00016c1,12.4,J00016,D:lognormal_from_declared_pairing_rule
17,J00016c1,16.9,J00016,D:lognormal_from_declared_pairing_rule
18,J00016c1,8.9,J00016,D:lognormal_from_declared_pairing_rule
19,J00016c1,31.4,J00016,D:lognormal_from_declared_pairing_rule
20,J00016c1,5.8,J00016,D:lognormal_from_declared_pairing_rule
21,J00016c1,18.8,J00016,D:lognormal_from_declared_pairing_rule
22,J00016c1,17.4,J00016,D:lognormal_from_declared_pairing_rule
23,J00016c1,14.1,J00016,D:lognormal_from_declared_pairing_rule
24,J00016c1,14.4,J00016,D:lognormal_from_declared_pairing_rule
25,J00016c1,11.1,J00016,D:lognormal_from_declared_pairing_rule
26,J00016c1,12.5,J00016,D:lognormal_from_declared_pairing_rule
27,J00016c1,14.6,J00016,D:lognormal_from_declared_pairing_rule
28,J00016c1,10.0,J00016,D:lognormal_from_declared_pairing_rule
29,J00016c1,9.2,J00016,D:lognormal_from_declared_pairing_rule
0,J00017c0,32.4,J00017,D:lognormal_from_declared_pairing_rule
1,J00017c0,29.5,J00017,D:lognormal_from_declared_pairing_rule
2,J00017c0,31.0,J00017,D:lognormal_from_declared_pairing_rule
3,J00017c0,33.5,J00017,D:lognormal_from_declared_pairing_rule
4,J00017c0,14.1,J00017,D:lognormal_from_declared_pairing_rule
5,J00017c0,19.0,J00017,D:lognormal_from_declared_pairing_rule
6,J00017c0,29.9,J00017,D:lognormal_from_declared_pairing_rule
7,J00017c0,20.5,J00017,D:lognormal_from_declared_pairing_rule
8,J00017c0,46.9,J00017,D:lognormal_from_declared_pairing_rule
9,J00017c0,23.5,J00017,D:lognormal_from_declared_pairing_rule
10,J00017c0,23.3,J00017,D:lognormal_from_declared_pairing_rule
11,J00017c0,35.2,J00017,D:lognormal_from_declared_pairing_rule
12,J00017c0,27.5,J00017,D:lognormal_from_declared_pairing_rule
13,J00017c0,20.1,J00017,D:lognormal_from_declared_pairing_rule
14,J00017c0,24.3,J00017,D:lognormal_from_declared_pairing_rule
15,J00017c0,52.3,J00017,D:lognormal_from_declared_pairing_rule
16,J00017c0,30.0,J00017,D:lognormal_from_declared_pairing_rule
17,J00017c0,35.5,J00017,D:lognormal_from_declared_pairing_rule
18,J00017c0,63.2,J00017,D:lognormal_from_declared_pairing_rule
19,J00017c0,19.4,J00017,D:lognormal_from_declared_pairing_rule
20,J00017c0,40.8,J00017,D:lognormal_from_declared_pairing_rule
21,J00017c0,23.8,J00017,D:lognormal_from_declared_pairing_rule
22,J00017c0,19.6,J00017,D:lognormal_from_declared_pairing_rule
23,J00017c0,30.6,J00017,D:lognormal_from_declared_pairing_rule
24,J00017c0,27.5,J00017,D:lognormal_from_declared_pairing_rule
25,J00017c0,33.4,J00017,D:lognormal_from_declared_pairing_rule
26,J00017c0,26.6,J00017,D:lognormal_from_declared_pairing_rule
27,J00017c0,18.6,J00017,D:lognormal_from_declared_pairing_rule
28,J00017c0,32.1,J00017,D:lognormal_from_declared_pairing_rule
29,J00017c0,27.5,J00017,D:lognormal_from_declared_pairing_rule
0,J00017c1,25.1,J00017,D:lognormal_from_declared_pairing_rule
1,J00017c1,23.2,J00017,D:lognormal_from_declared_pairing_rule
2,J00017c1,20.2,J00017,D:lognormal_from_declared_pairing_rule
3,J00017c1,28.4,J00017,D:lognormal_from_declared_pairing_rule
4,J00017c1,14.8,J00017,D:lognormal_from_declared_pairing_rule
5,J00017c1,15.1,J00017,D:lognormal_from_declared_pairing_rule
6,J00017c1,18.9,J00017,D:lognormal_from_declared_pairing_rule
7,J00017c1,45.9,J00017,D:lognormal_from_declared_pairing_rule
8,J00017c1,27.2,J00017,D:lognormal_from_declared_pairing_rule
9,J00017c1,14.0,J00017,D:lognormal_from_declared_pairing_rule
10,J00017c1,15.1,J00017,D:lognormal_from_declared_pairing_rule
11,J00017c1,13.3,J00017,D:lognormal_from_declared_pairing_rule
12,J00017c1,23.5,J00017,D:lognormal_from_declared_pairing_rule
13,J00017c1,15.8,J00017,D:lognormal_from_declared_pairing_rule
14,J00017c1,12.4,J00017,D:lognormal_from_declared_pairing_rule
15,J00017c1,28.6,J00017,D:lognormal_from_declared_pairing_rule
16,J00017c1,24.4,J00017,D:lognormal_from_declared_pairing_rule
17,J00017c1,22.1,J00017,D:lognormal_from_declared_pairing_rule
18,J00017c1,12.7,J00017,D:lognormal_from_declared_pairing_rule
19,J00017c1,12.3,J00017,D:lognormal_from_declared_pairing_rule
20,J00017c1,17.9,J00017,D:lognormal_from_declared_pairing_rule
21,J00017c1,11.9,J00017,D:lognormal_from_declared_pairing_rule
22,J00017c1,16.2,J00017,D:lognormal_from_declared_pairing_rule
23,J00017c1,30.9,J00017,D:lognormal_from_declared_pairing_rule
24,J00017c1,23.9,J00017,D:lognormal_from_declared_pairing_rule
25,J00017c1,21.8,J00017,D:lognormal_from_declared_pairing_rule
26,J00017c1,20.5,J00017,D:lognormal_from_declared_pairing_rule
27,J00017c1,18.3,J00017,D:lognormal_from_declared_pairing_rule
28,J00017c1,11.0,J00017,D:lognormal_from_declared_pairing_rule
29,J00017c1,22.9,J00017,D:lognormal_from_declared_pairing_rule
0,J00020c0,45.4,J00020,D:lognormal_from_declared_pairing_rule
1,J00020c0,16.2,J00020,D:lognormal_from_declared_pairing_rule
2,J00020c0,19.4,J00020,D:lognormal_from_declared_pairing_rule
3,J00020c0,20.8,J00020,D:lognormal_from_declared_pairing_rule
4,J00020c0,16.5,J00020,D:lognormal_from_declared_pairing_rule
5,J00020c0,17.1,J00020,D:lognormal_from_declared_pairing_rule
6,J00020c0,35.7,J00020,D:lognormal_from_declared_pairing_rule
7,J00020c0,12.8,J00020,D:lognormal_from_declared_pairing_rule
8,J00020c0,27.5,J00020,D:lognormal_from_declared_pairing_rule
9,J00020c0,15.2,J00020,D:lognormal_from_declared_pairing_rule
10,J00020c0,14.7,J00020,D:lognormal_from_declared_pairing_rule
11,J00020c0,13.9,J00020,D:lognormal_from_declared_pairing_rule
12,J00020c0,21.1,J00020,D:lognormal_from_declared_pairing_rule
13,J00020c0,36.9,J00020,D:lognormal_from_declared_pairing_rule
14,J00020c0,22.8,J00020,D:lognormal_from_declared_pairing_rule
15,J00020c0,24.7,J00020,D:lognormal_from_declared_pairing_rule
16,J00020c0,20.9,J00020,D:lognormal_from_declared_pairing_rule
17,J00020c0,28.1,J00020,D:lognormal_from_declared_pairing_rule
18,J00020c0,35.6,J00020,D:lognormal_from_declared_pairing_rule
19,J00020c0,16.9,J00020,D:lognormal_from_declared_pairing_rule
20,J00020c0,32.5,J00020,D:lognormal_from_declared_pairing_rule
21,J00020c0,13.5,J00020,D:lognormal_from_declared_pairing_rule
22,J00020c0,34.1,J00020,D:lognormal_from_declared_pairing_rule
23,J00020c0,34.6,J00020,D:lognormal_from_declared_pairing_rule
24,J00020c0,40.7,J00020,D:lognormal_from_declared_pairing_rule
25,J00020c0,18.8,J00020,D:lognormal_from_declared_pairing_rule
26,J00020c0,20.3,J00020,D:lognormal_from_declared_pairing_rule
27,J00020c0,24.8,J00020,D:lognormal_from_declared_pairing_rule
28,J00020c0,41.2,J00020,D:lognormal_from_declared_pairing_rule
29,J00020c0,16.9,J00020,D:lognormal_from_declared_pairing_rule
0,J00020c1,13.2,J00020,D:lognormal_from_declared_pairing_rule
1,J00020c1,7.2,J00020,D:lognormal_from_declared_pairing_rule
2,J00020c1,19.5,J00020,D:lognormal_from_declared_pairing_rule
3,J00020c1,13.1,J00020,D:lognormal_from_declared_pairing_rule
4,J00020c1,12.7,J00020,D:lognormal_from_declared_pairing_rule
5,J00020c1,12.2,J00020,D:lognormal_from_declared_pairing_rule
6,J00020c1,17.2,J00020,D:lognormal_from_declared_pairing_rule
7,J00020c1,20.2,J00020,D:lognormal_from_declared_pairing_rule
8,J00020c1,13.3,J00020,D:lognormal_from_declared_pairing_rule
9,J00020c1,15.3,J00020,D:lognormal_from_declared_pairing_rule
10,J00020c1,16.5,J00020,D:lognormal_from_declared_pairing_rule
11,J00020c1,21.4,J00020,D:lognormal_from_declared_pairing_rule
12,J00020c1,21.2,J00020,D:lognormal_from_declared_pairing_rule
13,J00020c1,13.2,J00020,D:lognormal_from_declared_pairing_rule
14,J00020c1,10.8,J00020,D:lognormal_from_declared_pairing_rule
15,J00020c1,8.9,J00020,D:lognormal_from_declared_pairing_rule
16,J00020c1,8.7,J00020,D:lognormal_from_declared_pairing_rule
17,J00020c1,19.5,J00020,D:lognormal_from_declared_pairing_rule
18,J00020c1,17.6,J00020,D:lognormal_from_declared_pairing_rule
19,J00020c1,12.8,J00020,D:lognormal_from_declared_pairing_rule
20,J00020c1,15.2,J00020,D:lognormal_from_declared_pairing_rule
21,J00020c1,13.2,J00020,D:lognormal_from_declared_pairing_rule
22,J00020c1,20.7,J00020,D:lognormal_from_declared_pairing_rule
23,J00020c1,9.6,J00020,D:lognormal_from_declared_pairing_rule
24,J00020c1,17.9,J00020,D:lognormal_from_declared_pairing_rule
25,J00020c1,14.5,J00020,D:lognormal_from_declared_pairing_rule
26,J00020c1,17.5,J00020,D:lognormal_from_declared_pairing_rule
27,J00020c1,17.7,J00020,D:lognormal_from_declared_pairing_rule
28,J00020c1,27.8,J00020,D:lognormal_from_declared_pairing_rule
29,J00020c1,13.7,J00020,D:lognormal_from_declared_pairing_rule
0,J00023c0,15.1,J00023,D:lognormal_from_declared_pairing_rule
1,J00023c0,25.2,J00023,D:lognormal_from_declared_pairing_rule
2,J00023c0,20.5,J00023,D:lognormal_from_declared_pairing_rule
3,J00023c0,9.8,J00023,D:lognormal_from_declared_pairing_rule
4,J00023c0,19.0,J00023,D:lognormal_from_declared_pairing_rule
5,J00023c0,15.5,J00023,D:lognormal_from_declared_pairing_rule
6,J00023c0,22.0,J00023,D:lognormal_from_declared_pairing_rule
7,J00023c0,14.9,J00023,D:lognormal_from_declared_pairing_rule
8,J00023c0,38.0,J00023,D:lognormal_from_declared_pairing_rule
9,J00023c0,23.1,J00023,D:lognormal_from_declared_pairing_rule
10,J00023c0,25.5,J00023,D:lognormal_from_declared_pairing_rule
11,J00023c0,36.1,J00023,D:lognormal_from_declared_pairing_rule
12,J00023c0,26.1,J00023,D:lognormal_from_declared_pairing_rule
13,J00023c0,13.5,J00023,D:lognormal_from_declared_pairing_rule
14,J00023c0,15.0,J00023,D:lognormal_from_declared_pairing_rule
15,J00023c0,20.7,J00023,D:lognormal_from_declared_pairing_rule
16,J00023c0,32.4,J00023,D:lognormal_from_declared_pairing_rule
17,J00023c0,33.7,J00023,D:lognormal_from_declared_pairing_rule
18,J00023c0,20.4,J00023,D:lognormal_from_declared_pairing_rule
19,J00023c0,26.0,J00023,D:lognormal_from_declared_pairing_rule
20,J00023c0,30.0,J00023,D:lognormal_from_declared_pairing_rule
21,J00023c0,17.6,J00023,D:lognormal_from_declared_pairing_rule
22,J00023c0,27.1,J00023,D:lognormal_from_declared_pairing_rule
23,J00023c0,23.4,J00023,D:lognormal_from_declared_pairing_rule
24,J00023c0,14.5,J00023,D:lognormal_from_declared_pairing_rule
25,J00023c0,13.9,J00023,D:lognormal_from_declared_pairing_rule
26,J00023c0,28.8,J00023,D:lognormal_from_declared_pairing_rule
27,J00023c0,24.1,J00023,D:lognormal_from_declared_pairing_rule
28,J00023c0,17.6,J00023,D:lognormal_from_declared_pairing_rule
29,J00023c0,25.0,J00023,D:lognormal_from_declared_pairing_rule
0,J00023c1,9.7,J00023,D:lognormal_from_declared_pairing_rule
1,J00023c1,12.4,J00023,D:lognormal_from_declared_pairing_rule
2,J00023c1,19.0,J00023,D:lognormal_from_declared_pairing_rule
3,J00023c1,12.5,J00023,D:lognormal_from_declared_pairing_rule
4,J00023c1,8.6,J00023,D:lognormal_from_declared_pairing_rule
5,J00023c1,10.3,J00023,D:lognormal_from_declared_pairing_rule
6,J00023c1,15.4,J00023,D:lognormal_from_declared_pairing_rule
7,J00023c1,8.9,J00023,D:lognormal_from_declared_pairing_rule
8,J00023c1,12.5,J00023,D:lognormal_from_declared_pairing_rule
9,J00023c1,7.2,J00023,D:lognormal_from_declared_pairing_rule
10,J00023c1,11.1,J00023,D:lognormal_from_declared_pairing_rule
11,J00023c1,15.9,J00023,D:lognormal_from_declared_pairing_rule
12,J00023c1,10.2,J00023,D:lognormal_from_declared_pairing_rule
13,J00023c1,21.5,J00023,D:lognormal_from_declared_pairing_rule
14,J00023c1,13.3,J00023,D:lognormal_from_declared_pairing_rule
15,J00023c1,19.2,J00023,D:lognormal_from_declared_pairing_rule
16,J00023c1,23.0,J00023,D:lognormal_from_declared_pairing_rule
17,J00023c1,8.5,J00023,D:lognormal_from_declared_pairing_rule
18,J00023c1,11.8,J00023,D:lognormal_from_declared_pairing_rule
19,J00023c1,13.7,J00023,D:lognormal_from_declared_pairing_rule
20,J00023c1,11.0,J00023,D:lognormal_from_declared_pairing_rule
21,J00023c1,20.0,J00023,D:lognormal_from_declared_pairing_rule
22,J00023c1,14.6,J00023,D:lognormal_from_declared_pairing_rule
23,J00023c1,9.7,J00023,D:lognormal_from_declared_pairing_rule
24,J00023c1,9.5,J00023,D:lognormal_from_declared_pairing_rule
25,J00023c1,23.6,J00023,D:lognormal_from_declared_pairing_rule
26,J00023c1,16.4,J00023,D:lognormal_from_declared_pairing_rule
27,J00023c1,15.4,J00023,D:lognormal_from_declared_pairing_rule
28,J00023c1,16.8,J00023,D:lognormal_from_declared_pairing_rule
29,J00023c1,19.3,J00023,D:lognormal_from_declared_pairing_rule
0,J00024c0,16.6,J00024,D:lognormal_from_declared_pairing_rule
1,J00024c0,25.3,J00024,D:lognormal_from_declared_pairing_rule
2,J00024c0,19.6,J00024,D:lognormal_from_declared_pairing_rule
3,J00024c0,41.7,J00024,D:lognormal_from_declared_pairing_rule
4,J00024c0,17.8,J00024,D:lognormal_from_declared_pairing_rule
5,J00024c0,31.1,J00024,D:lognormal_from_declared_pairing_rule
6,J00024c0,17.6,J00024,D:lognormal_from_declared_pairing_rule
7,J00024c0,25.6,J00024,D:lognormal_from_declared_pairing_rule
8,J00024c0,27.5,J00024,D:lognormal_from_declared_pairing_rule
9,J00024c0,32.0,J00024,D:lognormal_from_declared_pairing_rule
10,J00024c0,23.7,J00024,D:lognormal_from_declared_pairing_rule
11,J00024c0,26.7,J00024,D:lognormal_from_declared_pairing_rule
12,J00024c0,21.4,J00024,D:lognormal_from_declared_pairing_rule
13,J00024c0,19.1,J00024,D:lognormal_from_declared_pairing_rule
14,J00024c0,12.9,J00024,D:lognormal_from_declared_pairing_rule
15,J00024c0,15.1,J00024,D:lognormal_from_declared_pairing_rule
16,J00024c0,33.0,J00024,D:lognormal_from_declared_pairing_rule
17,J00024c0,17.7,J00024,D:lognormal_from_declared_pairing_rule
18,J00024c0,27.4,J00024,D:lognormal_from_declared_pairing_rule
19,J00024c0,21.0,J00024,D:lognormal_from_declared_pairing_rule
20,J00024c0,16.9,J00024,D:lognormal_from_declared_pairing_rule
21,J00024c0,28.2,J00024,D:lognormal_from_declared_pairing_rule
22,J00024c0,31.7,J00024,D:lognormal_from_declared_pairing_rule
23,J00024c0,15.0,J00024,D:lognormal_from_declared_pairing_rule
24,J00024c0,28.1,J00024,D:lognormal_from_declared_pairing_rule
25,J00024c0,23.3,J00024,D:lognormal_from_declared_pairing_rule
26,J00024c0,23.0,J00024,D:lognormal_from_declared_pairing_rule
27,J00024c0,26.3,J00024,D:lognormal_from_declared_pairing_rule
28,J00024c0,24.9,J00024,D:lognormal_from_declared_pairing_rule
29,J00024c0,8.7,J00024,D:lognormal_from_declared_pairing_rule
0,J00024c1,8.6,J00024,D:lognormal_from_declared_pairing_rule
1,J00024c1,12.9,J00024,D:lognormal_from_declared_pairing_rule
2,J00024c1,9.8,J00024,D:lognormal_from_declared_pairing_rule
3,J00024c1,16.8,J00024,D:lognormal_from_declared_pairing_rule
4,J00024c1,12.3,J00024,D:lognormal_from_declared_pairing_rule
5,J00024c1,25.8,J00024,D:lognormal_from_declared_pairing_rule
6,J00024c1,13.8,J00024,D:lognormal_from_declared_pairing_rule
7,J00024c1,22.0,J00024,D:lognormal_from_declared_pairing_rule
8,J00024c1,14.5,J00024,D:lognormal_from_declared_pairing_rule
9,J00024c1,11.9,J00024,D:lognormal_from_declared_pairing_rule
10,J00024c1,11.6,J00024,D:lognormal_from_declared_pairing_rule
11,J00024c1,19.6,J00024,D:lognormal_from_declared_pairing_rule
12,J00024c1,14.1,J00024,D:lognormal_from_declared_pairing_rule
13,J00024c1,10.9,J00024,D:lognormal_from_declared_pairing_rule
14,J00024c1,22.2,J00024,D:lognormal_from_declared_pairing_rule
15,J00024c1,10.3,J00024,D:lognormal_from_declared_pairing_rule
16,J00024c1,19.3,J00024,D:lognormal_from_declared_pairing_rule
17,J00024c1,16.7,J00024,D:lognormal_from_declared_pairing_rule
18,J00024c1,18.8,J00024,D:lognormal_from_declared_pairing_rule
19,J00024c1,11.5,J00024,D:lognormal_from_declared_pairing_rule
20,J00024c1,14.9,J00024,D:lognormal_from_declared_pairing_rule
21,J00024c1,15.0,J00024,D:lognormal_from_declared_pairing_rule
22,J00024c1,16.2,J00024,D:lognormal_from_declared_pairing_rule
23,J00024c1,9.9,J00024,D:lognormal_from_declared_pairing_rule
24,J00024c1,12.7,J00024,D:lognormal_from_declared_pairing_rule
25,J00024c1,16.8,J00024,D:lognormal_from_declared_pairing_rule
26,J00024c1,20.0,J00024,D:lognormal_from_declared_pairing_rule
27,J00024c1,15.0,J00024,D:lognormal_from_declared_pairing_rule
28,J00024c1,18.0,J00024,D:lognormal_from_declared_pairing_rule
29,J00024c1,15.5,J00024,D:lognormal_from_declared_pairing_rule
0,J00027c0,18.6,J00027,D:lognormal_from_declared_pairing_rule
1,J00027c0,22.3,J00027,D:lognormal_from_declared_pairing_rule
2,J00027c0,25.8,J00027,D:lognormal_from_declared_pairing_rule
3,J00027c0,17.5,J00027,D:lognormal_from_declared_pairing_rule
4,J00027c0,15.4,J00027,D:lognormal_from_declared_pairing_rule
5,J00027c0,25.9,J00027,D:lognormal_from_declared_pairing_rule
6,J00027c0,20.2,J00027,D:lognormal_from_declared_pairing_rule
7,J00027c0,47.6,J00027,D:lognormal_from_declared_pairing_rule
8,J00027c0,23.0,J00027,D:lognormal_from_declared_pairing_rule
9,J00027c0,26.4,J00027,D:lognormal_from_declared_pairing_rule
10,J00027c0,13.1,J00027,D:lognormal_from_declared_pairing_rule
11,J00027c0,28.0,J00027,D:lognormal_from_declared_pairing_rule
12,J00027c0,23.4,J00027,D:lognormal_from_declared_pairing_rule
13,J00027c0,21.0,J00027,D:lognormal_from_declared_pairing_rule
14,J00027c0,27.4,J00027,D:lognormal_from_declared_pairing_rule
15,J00027c0,32.8,J00027,D:lognormal_from_declared_pairing_rule
16,J00027c0,20.7,J00027,D:lognormal_from_declared_pairing_rule
17,J00027c0,35.2,J00027,D:lognormal_from_declared_pairing_rule
18,J00027c0,17.4,J00027,D:lognormal_from_declared_pairing_rule
19,J00027c0,18.0,J00027,D:lognormal_from_declared_pairing_rule
20,J00027c0,31.2,J00027,D:lognormal_from_declared_pairing_rule
21,J00027c0,32.0,J00027,D:lognormal_from_declared_pairing_rule
22,J00027c0,24.1,J00027,D:lognormal_from_declared_pairing_rule
23,J00027c0,43.8,J00027,D:lognormal_from_declared_pairing_rule
24,J00027c0,17.1,J00027,D:lognormal_from_declared_pairing_rule
25,J00027c0,19.3,J00027,D:lognormal_from_declared_pairing_rule
26,J00027c0,14.0,J00027,D:lognormal_from_declared_pairing_rule
27,J00027c0,16.3,J00027,D:lognormal_from_declared_pairing_rule
28,J00027c0,22.7,J00027,D:lognormal_from_declared_pairing_rule
29,J00027c0,26.6,J00027,D:lognormal_from_declared_pairing_rule
0,J00027c1,16.0,J00027,D:lognormal_from_declared_pairing_rule
1,J00027c1,9.4,J00027,D:lognormal_from_declared_pairing_rule
2,J00027c1,18.2,J00027,D:lognormal_from_declared_pairing_rule
3,J00027c1,9.1,J00027,D:lognormal_from_declared_pairing_rule
4,J00027c1,16.4,J00027,D:lognormal_from_declared_pairing_rule
5,J00027c1,18.4,J00027,D:lognormal_from_declared_pairing_rule
6,J00027c1,11.1,J00027,D:lognormal_from_declared_pairing_rule
7,J00027c1,12.4,J00027,D:lognormal_from_declared_pairing_rule
8,J00027c1,20.3,J00027,D:lognormal_from_declared_pairing_rule
9,J00027c1,7.7,J00027,D:lognormal_from_declared_pairing_rule
10,J00027c1,12.9,J00027,D:lognormal_from_declared_pairing_rule
11,J00027c1,6.4,J00027,D:lognormal_from_declared_pairing_rule
12,J00027c1,13.8,J00027,D:lognormal_from_declared_pairing_rule
13,J00027c1,23.1,J00027,D:lognormal_from_declared_pairing_rule
14,J00027c1,7.5,J00027,D:lognormal_from_declared_pairing_rule
15,J00027c1,18.4,J00027,D:lognormal_from_declared_pairing_rule
16,J00027c1,14.6,J00027,D:lognormal_from_declared_pairing_rule
17,J00027c1,11.4,J00027,D:lognormal_from_declared_pairing_rule
18,J00027c1,19.2,J00027,D:lognormal_from_declared_pairing_rule
19,J00027c1,12.5,J00027,D:lognormal_from_declared_pairing_rule
20,J00027c1,14.4,J00027,D:lognormal_from_declared_pairing_rule
21,J00027c1,14.9,J00027,D:lognormal_from_declared_pairing_rule
22,J00027c1,12.1,J00027,D:lognormal_from_declared_pairing_rule
23,J00027c1,14.9,J00027,D:lognormal_from_declared_pairing_rule
24,J00027c1,17.4,J00027,D:lognormal_from_declared_pairing_rule
25,J00027c1,21.7,J00027,D:lognormal_from_declared_pairing_rule
26,J00027c1,18.7,J00027,D:lognormal_from_declared_pairing_rule
27,J00027c1,14.2,J00027,D:lognormal_from_declared_pairing_rule
28,J00027c1,15.3,J00027,D:lognormal_from_declared_pairing_rule
29,J00027c1,21.2,J00027,D:lognormal_from_declared_pairing_rule
0,J00032c0,25.3,J00032,D:lognormal_from_declared_pairing_rule
1,J00032c0,29.1,J00032,D:lognormal_from_declared_pairing_rule
2,J00032c0,21.3,J00032,D:lognormal_from_declared_pairing_rule
3,J00032c0,22.8,J00032,D:lognormal_from_declared_pairing_rule
4,J00032c0,15.1,J00032,D:lognormal_from_declared_pairing_rule
5,J00032c0,26.8,J00032,D:lognormal_from_declared_pairing_rule
6,J00032c0,37.5,J00032,D:lognormal_from_declared_pairing_rule
7,J00032c0,19.6,J00032,D:lognormal_from_declared_pairing_rule
8,J00032c0,14.4,J00032,D:lognormal_from_declared_pairing_rule
9,J00032c0,32.5,J00032,D:lognormal_from_declared_pairing_rule
10,J00032c0,17.2,J00032,D:lognormal_from_declared_pairing_rule
11,J00032c0,28.6,J00032,D:lognormal_from_declared_pairing_rule
12,J00032c0,37.4,J00032,D:lognormal_from_declared_pairing_rule
13,J00032c0,24.9,J00032,D:lognormal_from_declared_pairing_rule
14,J00032c0,32.3,J00032,D:lognormal_from_declared_pairing_rule
15,J00032c0,30.8,J00032,D:lognormal_from_declared_pairing_rule
16,J00032c0,25.7,J00032,D:lognormal_from_declared_pairing_rule
17,J00032c0,26.5,J00032,D:lognormal_from_declared_pairing_rule
18,J00032c0,20.6,J00032,D:lognormal_from_declared_pairing_rule
19,J00032c0,37.5,J00032,D:lognormal_from_declared_pairing_rule
20,J00032c0,23.8,J00032,D:lognormal_from_declared_pairing_rule
21,J00032c0,20.6,J00032,D:lognormal_from_declared_pairing_rule
22,J00032c0,23.3,J00032,D:lognormal_from_declared_pairing_rule
23,J00032c0,17.1,J00032,D:lognormal_from_declared_pairing_rule
24,J00032c0,12.0,J00032,D:lognormal_from_declared_pairing_rule
25,J00032c0,20.0,J00032,D:lognormal_from_declared_pairing_rule
26,J00032c0,20.9,J00032,D:lognormal_from_declared_pairing_rule
27,J00032c0,24.0,J00032,D:lognormal_from_declared_pairing_rule
28,J00032c0,30.5,J00032,D:lognormal_from_declared_pairing_rule
29,J00032c0,21.5,J00032,D:lognormal_from_declared_pairing_rule
0,J00032c1,18.0,J00032,D:lognormal_from_declared_pairing_rule
1,J00032c1,11.0,J00032,D:lognormal_from_declared_pairing_rule
2,J00032c1,23.5,J00032,D:lognormal_from_declared_pairing_rule
3,J00032c1,10.1,J00032,D:lognormal_from_declared_pairing_rule
4,J00032c1,11.0,J00032,D:lognormal_from_declared_pairing_rule
5,J00032c1,8.9,J00032,D:lognormal_from_declared_pairing_rule
6,J00032c1,9.9,J00032,D:lognormal_from_declared_pairing_rule
7,J00032c1,14.9,J00032,D:lognormal_from_declared_pairing_rule
8,J00032c1,16.7,J00032,D:lognormal_from_declared_pairing_rule
9,J00032c1,10.4,J00032,D:lognormal_from_declared_pairing_rule
10,J00032c1,10.4,J00032,D:lognormal_from_declared_pairing_rule
11,J00032c1,17.9,J00032,D:lognormal_from_declared_pairing_rule
12,J00032c1,10.1,J00032,D:lognormal_from_declared_pairing_rule
13,J00032c1,9.9,J00032,D:lognormal_from_declared_pairing_rule
14,J00032c1,14.4,J00032,D:lognormal_from_declared_pairing_rule
15,J00032c1,8.9,J00032,D:lognormal_from_declared_pairing_rule
16,J00032c1,29.2,J00032,D:lognormal_from_declared_pairing_rule
17,J00032c1,19.5,J00032,D:lognormal_from_declared_pairing_rule
18,J00032c1,10.4,J00032,D:lognormal_from_declared_pairing_rule
19,J00032c1,12.6,J00032,D:lognormal_from_declared_pairing_rule
20,J00032c1,16.4,J00032,D:lognormal_from_declared_pairing_rule
21,J00032c1,13.8,J00032,D:lognormal_from_declared_pairing_rule
22,J00032c1,13.4,J00032,D:lognormal_from_declared_pairing_rule
23,J00032c1,20.0,J00032,D:lognormal_from_declared_pairing_rule
24,J00032c1,14.4,J00032,D:lognormal_from_declared_pairing_rule
25,J00032c1,12.2,J00032,D:lognormal_from_declared_pairing_rule
26,J00032c1,15.2,J00032,D:lognormal_from_declared_pairing_rule
27,J00032c1,17.9,J00032,D:lognormal_from_declared_pairing_rule
28,J00032c1,10.0,J00032,D:lognormal_from_declared_pairing_rule
29,J00032c1,27.7,J00032,D:lognormal_from_declared_pairing_rule
0,J00047c0,29.0,J00047,D:lognormal_from_declared_pairing_rule
1,J00047c0,30.9,J00047,D:lognormal_from_declared_pairing_rule
2,J00047c0,29.4,J00047,D:lognormal_from_declared_pairing_rule
3,J00047c0,25.3,J00047,D:lognormal_from_declared_pairing_rule
4,J00047c0,21.5,J00047,D:lognormal_from_declared_pairing_rule
5,J00047c0,17.1,J00047,D:lognormal_from_declared_pairing_rule
6,J00047c0,15.4,J00047,D:lognormal_from_declared_pairing_rule
7,J00047c0,26.0,J00047,D:lognormal_from_declared_pairing_rule
8,J00047c0,12.3,J00047,D:lognormal_from_declared_pairing_rule
9,J00047c0,20.7,J00047,D:lognormal_from_declared_pairing_rule
10,J00047c0,48.6,J00047,D:lognormal_from_declared_pairing_rule
11,J00047c0,29.7,J00047,D:lognormal_from_declared_pairing_rule
12,J00047c0,28.5,J00047,D:lognormal_from_declared_pairing_rule
13,J00047c0,17.3,J00047,D:lognormal_from_declared_pairing_rule
14,J00047c0,21.0,J00047,D:lognormal_from_declared_pairing_rule
15,J00047c0,61.6,J00047,D:lognormal_from_declared_pairing_rule
16,J00047c0,16.4,J00047,D:lognormal_from_declared_pairing_rule
17,J00047c0,27.2,J00047,D:lognormal_from_declared_pairing_rule
18,J00047c0,35.5,J00047,D:lognormal_from_declared_pairing_rule
19,J00047c0,42.4,J00047,D:lognormal_from_declared_pairing_rule
20,J00047c0,22.2,J00047,D:lognormal_from_declared_pairing_rule
21,J00047c0,15.4,J00047,D:lognormal_from_declared_pairing_rule
22,J00047c0,18.5,J00047,D:lognormal_from_declared_pairing_rule
23,J00047c0,30.0,J00047,D:lognormal_from_declared_pairing_rule
24,J00047c0,14.8,J00047,D:lognormal_from_declared_pairing_rule
25,J00047c0,38.9,J00047,D:lognormal_from_declared_pairing_rule
26,J00047c0,18.2,J00047,D:lognormal_from_declared_pairing_rule
27,J00047c0,39.9,J00047,D:lognormal_from_declared_pairing_rule
28,J00047c0,35.2,J00047,D:lognormal_from_declared_pairing_rule
29,J00047c0,15.1,J00047,D:lognormal_from_declared_pairing_rule
0,J00047c1,16.8,J00047,D:lognormal_from_declared_pairing_rule
1,J00047c1,9.3,J00047,D:lognormal_from_declared_pairing_rule
2,J00047c1,21.5,J00047,D:lognormal_from_declared_pairing_rule
3,J00047c1,17.6,J00047,D:lognormal_from_declared_pairing_rule
4,J00047c1,19.8,J00047,D:lognormal_from_declared_pairing_rule
5,J00047c1,20.2,J00047,D:lognormal_from_declared_pairing_rule
6,J00047c1,13.4,J00047,D:lognormal_from_declared_pairing_rule
7,J00047c1,11.0,J00047,D:lognormal_from_declared_pairing_rule
8,J00047c1,8.9,J00047,D:lognormal_from_declared_pairing_rule
9,J00047c1,14.0,J00047,D:lognormal_from_declared_pairing_rule
10,J00047c1,16.7,J00047,D:lognormal_from_declared_pairing_rule
11,J00047c1,12.5,J00047,D:lognormal_from_declared_pairing_rule
12,J00047c1,15.6,J00047,D:lognormal_from_declared_pairing_rule
13,J00047c1,20.9,J00047,D:lognormal_from_declared_pairing_rule
14,J00047c1,8.8,J00047,D:lognormal_from_declared_pairing_rule
15,J00047c1,7.9,J00047,D:lognormal_from_declared_pairing_rule
16,J00047c1,16.5,J00047,D:lognormal_from_declared_pairing_rule
17,J00047c1,10.7,J00047,D:lognormal_from_declared_pairing_rule
18,J00047c1,20.7,J00047,D:lognormal_from_declared_pairing_rule
19,J00047c1,15.7,J00047,D:lognormal_from_declared_pairing_rule
20,J00047c1,14.4,J00047,D:lognormal_from_declared_pairing_rule
21,J00047c1,13.3,J00047,D:lognormal_from_declared_pairing_rule
22,J00047c1,16.2,J00047,D:lognormal_from_declared_pairing_rule
23,J00047c1,21.4,J00047,D:lognormal_from_declared_pairing_rule
24,J00047c1,15.5,J00047,D:lognormal_from_declared_pairing_rule
25,J00047c1,16.4,J00047,D:lognormal_from_declared_pairing_rule
26,J00047c1,9.3,J00047,D:lognormal_from_declared_pairing_rule
27,J00047c1,9.1,J00047,D:lognormal_from_declared_pairing_rule
28,J00047c1,15.0,J00047,D:lognormal_from_declared_pairing_rule
29,J00047c1,12.3,J00047,D:lognormal_from_declared_pairing_rule
0,J00052c0,29.1,J00052,D:lognormal_from_declared_pairing_rule
1,J00052c0,18.7,J00052,D:lognormal_from_declared_pairing_rule
2,J00052c0,30.5,J00052,D:lognormal_from_declared_pairing_rule
3,J00052c0,29.0,J00052,D:lognormal_from_declared_pairing_rule
4,J00052c0,27.6,J00052,D:lognormal_from_declared_pairing_rule
5,J00052c0,14.7,J00052,D:lognormal_from_declared_pairing_rule
6,J00052c0,22.5,J00052,D:lognormal_from_declared_pairing_rule
7,J00052c0,21.7,J00052,D:lognormal_from_declared_pairing_rule
8,J00052c0,31.7,J00052,D:lognormal_from_declared_pairing_rule
9,J00052c0,17.5,J00052,D:lognormal_from_declared_pairing_rule
10,J00052c0,17.2,J00052,D:lognormal_from_declared_pairing_rule
11,J00052c0,21.7,J00052,D:lognormal_from_declared_pairing_rule
12,J00052c0,28.9,J00052,D:lognormal_from_declared_pairing_rule
13,J00052c0,20.1,J00052,D:lognormal_from_declared_pairing_rule
14,J00052c0,17.6,J00052,D:lognormal_from_declared_pairing_rule
15,J00052c0,24.6,J00052,D:lognormal_from_declared_pairing_rule
16,J00052c0,24.1,J00052,D:lognormal_from_declared_pairing_rule
17,J00052c0,21.3,J00052,D:lognormal_from_declared_pairing_rule
18,J00052c0,17.8,J00052,D:lognormal_from_declared_pairing_rule
19,J00052c0,30.3,J00052,D:lognormal_from_declared_pairing_rule
20,J00052c0,25.4,J00052,D:lognormal_from_declared_pairing_rule
21,J00052c0,26.6,J00052,D:lognormal_from_declared_pairing_rule
22,J00052c0,20.9,J00052,D:lognormal_from_declared_pairing_rule
23,J00052c0,31.7,J00052,D:lognormal_from_declared_pairing_rule
24,J00052c0,11.1,J00052,D:lognormal_from_declared_pairing_rule
25,J00052c0,40.1,J00052,D:lognormal_from_declared_pairing_rule
26,J00052c0,24.4,J00052,D:lognormal_from_declared_pairing_rule
27,J00052c0,33.3,J00052,D:lognormal_from_declared_pairing_rule
28,J00052c0,23.5,J00052,D:lognormal_from_declared_pairing_rule
29,J00052c0,40.3,J00052,D:lognormal_from_declared_pairing_rule
0,J00052c1,11.6,J00052,D:lognormal_from_declared_pairing_rule
1,J00052c1,22.0,J00052,D:lognormal_from_declared_pairing_rule
2,J00052c1,18.0,J00052,D:lognormal_from_declared_pairing_rule
3,J00052c1,17.3,J00052,D:lognormal_from_declared_pairing_rule
4,J00052c1,11.1,J00052,D:lognormal_from_declared_pairing_rule
5,J00052c1,15.8,J00052,D:lognormal_from_declared_pairing_rule
6,J00052c1,20.1,J00052,D:lognormal_from_declared_pairing_rule
7,J00052c1,13.5,J00052,D:lognormal_from_declared_pairing_rule
8,J00052c1,11.5,J00052,D:lognormal_from_declared_pairing_rule
9,J00052c1,10.5,J00052,D:lognormal_from_declared_pairing_rule
10,J00052c1,13.7,J00052,D:lognormal_from_declared_pairing_rule
11,J00052c1,19.3,J00052,D:lognormal_from_declared_pairing_rule
12,J00052c1,10.1,J00052,D:lognormal_from_declared_pairing_rule
13,J00052c1,12.3,J00052,D:lognormal_from_declared_pairing_rule
14,J00052c1,19.4,J00052,D:lognormal_from_declared_pairing_rule
15,J00052c1,27.6,J00052,D:lognormal_from_declared_pairing_rule
16,J00052c1,9.1,J00052,D:lognormal_from_declared_pairing_rule
17,J00052c1,12.5,J00052,D:lognormal_from_declared_pairing_rule
18,J00052c1,18.2,J00052,D:lognormal_from_declared_pairing_rule
19,J00052c1,12.4,J00052,D:lognormal_from_declared_pairing_rule
20,J00052c1,15.4,J00052,D:lognormal_from_declared_pairing_rule
21,J00052c1,15.1,J00052,D:lognormal_from_declared_pairing_rule
22,J00052c1,13.0,J00052,D:lognormal_from_declared_pairing_rule
23,J00052c1,11.2,J00052,D:lognormal_from_declared_pairing_rule
24,J00052c1,11.6,J00052,D:lognormal_from_declared_pairing_rule
25,J00052c1,13.5,J00052,D:lognormal_from_declared_pairing_rule
26,J00052c1,12.7,J00052,D:lognormal_from_declared_pairing_rule
27,J00052c1,13.4,J00052,D:lognormal_from_declared_pairing_rule
28,J00052c1,11.6,J00052,D:lognormal_from_declared_pairing_rule
29,J00052c1,12.5,J00052,D:lognormal_from_declared_pairing_rule
0,J00062c0,42.9,J00062,D:lognormal_from_declared_pairing_rule
1,J00062c0,20.9,J00062,D:lognormal_from_declared_pairing_rule
2,J00062c0,24.0,J00062,D:lognormal_from_declared_pairing_rule
3,J00062c0,38.0,J00062,D:lognormal_from_declared_pairing_rule
4,J00062c0,24.4,J00062,D:lognormal_from_declared_pairing_rule
5,J00062c0,24.9,J00062,D:lognormal_from_declared_pairing_rule
6,J00062c0,42.0,J00062,D:lognormal_from_declared_pairing_rule
7,J00062c0,41.2,J00062,D:lognormal_from_declared_pairing_rule
8,J00062c0,31.6,J00062,D:lognormal_from_declared_pairing_rule
9,J00062c0,31.9,J00062,D:lognormal_from_declared_pairing_rule
10,J00062c0,12.3,J00062,D:lognormal_from_declared_pairing_rule
11,J00062c0,29.1,J00062,D:lognormal_from_declared_pairing_rule
12,J00062c0,34.8,J00062,D:lognormal_from_declared_pairing_rule
13,J00062c0,20.2,J00062,D:lognormal_from_declared_pairing_rule
14,J00062c0,31.8,J00062,D:lognormal_from_declared_pairing_rule
15,J00062c0,46.4,J00062,D:lognormal_from_declared_pairing_rule
16,J00062c0,41.3,J00062,D:lognormal_from_declared_pairing_rule
17,J00062c0,24.4,J00062,D:lognormal_from_declared_pairing_rule
18,J00062c0,25.7,J00062,D:lognormal_from_declared_pairing_rule
19,J00062c0,35.3,J00062,D:lognormal_from_declared_pairing_rule
20,J00062c0,38.5,J00062,D:lognormal_from_declared_pairing_rule
21,J00062c0,32.3,J00062,D:lognormal_from_declared_pairing_rule
22,J00062c0,22.5,J00062,D:lognormal_from_declared_pairing_rule
23,J00062c0,19.6,J00062,D:lognormal_from_declared_pairing_rule
24,J00062c0,35.2,J00062,D:lognormal_from_declared_pairing_rule
25,J00062c0,40.4,J00062,D:lognormal_from_declared_pairing_rule
26,J00062c0,27.2,J00062,D:lognormal_from_declared_pairing_rule
27,J00062c0,39.6,J00062,D:lognormal_from_declared_pairing_rule
28,J00062c0,43.0,J00062,D:lognormal_from_declared_pairing_rule
29,J00062c0,34.8,J00062,D:lognormal_from_declared_pairing_rule
0,J00062c1,13.6,J00062,D:lognormal_from_declared_pairing_rule
1,J00062c1,13.4,J00062,D:lognormal_from_declared_pairing_rule
2,J00062c1,15.7,J00062,D:lognormal_from_declared_pairing_rule
3,J00062c1,20.5,J00062,D:lognormal_from_declared_pairing_rule
4,J00062c1,20.2,J00062,D:lognormal_from_declared_pairing_rule
5,J00062c1,17.2,J00062,D:lognormal_from_declared_pairing_rule
6,J00062c1,18.0,J00062,D:lognormal_from_declared_pairing_rule
7,J00062c1,15.1,J00062,D:lognormal_from_declared_pairing_rule
8,J00062c1,30.5,J00062,D:lognormal_from_declared_pairing_rule
9,J00062c1,9.3,J00062,D:lognormal_from_declared_pairing_rule
10,J00062c1,27.0,J00062,D:lognormal_from_declared_pairing_rule
11,J00062c1,12.8,J00062,D:lognormal_from_declared_pairing_rule
12,J00062c1,30.5,J00062,D:lognormal_from_declared_pairing_rule
13,J00062c1,16.1,J00062,D:lognormal_from_declared_pairing_rule
14,J00062c1,13.5,J00062,D:lognormal_from_declared_pairing_rule
15,J00062c1,26.0,J00062,D:lognormal_from_declared_pairing_rule
16,J00062c1,23.4,J00062,D:lognormal_from_declared_pairing_rule
17,J00062c1,20.6,J00062,D:lognormal_from_declared_pairing_rule
18,J00062c1,16.9,J00062,D:lognormal_from_declared_pairing_rule
19,J00062c1,17.0,J00062,D:lognormal_from_declared_pairing_rule
20,J00062c1,31.1,J00062,D:lognormal_from_declared_pairing_rule
21,J00062c1,15.8,J00062,D:lognormal_from_declared_pairing_rule
22,J00062c1,15.3,J00062,D:lognormal_from_declared_pairing_rule
23,J00062c1,17.3,J00062,D:lognormal_from_declared_pairing_rule
24,J00062c1,24.7,J00062,D:lognormal_from_declared_pairing_rule
25,J00062c1,17.1,J00062,D:lognormal_from_declared_pairing_rule
26,J00062c1,24.2,J00062,D:lognormal_from_declared_pairing_rule
27,J00062c1,36.3,J00062,D:lognormal_from_declared_pairing_rule
28,J00062c1,20.8,J00062,D:lognormal_from_declared_pairing_rule
29,J00062c1,14.1,J00062,D:lognormal_from_declared_pairing_rule
0,J00063c0,30.7,J00063,D:lognormal_from_declared_pairing_rule
1,J00063c0,16.2,J00063,D:lognormal_from_declared_pairing_rule
2,J00063c0,27.8,J00063,D:lognormal_from_declared_pairing_rule
3,J00063c0,26.6,J00063,D:lognormal_from_declared_pairing_rule
4,J00063c0,27.1,J00063,D:lognormal_from_declared_pairing_rule
5,J00063c0,28.4,J00063,D:lognormal_from_declared_pairing_rule
6,J00063c0,27.8,J00063,D:lognormal_from_declared_pairing_rule
7,J00063c0,11.7,J00063,D:lognormal_from_declared_pairing_rule
8,J00063c0,28.6,J00063,D:lognormal_from_declared_pairing_rule
9,J00063c0,20.3,J00063,D:lognormal_from_declared_pairing_rule
10,J00063c0,34.5,J00063,D:lognormal_from_declared_pairing_rule
11,J00063c0,23.6,J00063,D:lognormal_from_declared_pairing_rule
12,J00063c0,43.2,J00063,D:lognormal_from_declared_pairing_rule
13,J00063c0,37.8,J00063,D:lognormal_from_declared_pairing_rule
14,J00063c0,26.4,J00063,D:lognormal_from_declared_pairing_rule
15,J00063c0,43.7,J00063,D:lognormal_from_declared_pairing_rule
16,J00063c0,22.8,J00063,D:lognormal_from_declared_pairing_rule
17,J00063c0,22.6,J00063,D:lognormal_from_declared_pairing_rule
18,J00063c0,18.2,J00063,D:lognormal_from_declared_pairing_rule
19,J00063c0,34.1,J00063,D:lognormal_from_declared_pairing_rule
20,J00063c0,24.3,J00063,D:lognormal_from_declared_pairing_rule
21,J00063c0,27.1,J00063,D:lognormal_from_declared_pairing_rule
22,J00063c0,23.2,J00063,D:lognormal_from_declared_pairing_rule
23,J00063c0,11.0,J00063,D:lognormal_from_declared_pairing_rule
24,J00063c0,13.6,J00063,D:lognormal_from_declared_pairing_rule
25,J00063c0,31.8,J00063,D:lognormal_from_declared_pairing_rule
26,J00063c0,18.0,J00063,D:lognormal_from_declared_pairing_rule
27,J00063c0,41.8,J00063,D:lognormal_from_declared_pairing_rule
28,J00063c0,17.3,J00063,D:lognormal_from_declared_pairing_rule
29,J00063c0,14.4,J00063,D:lognormal_from_declared_pairing_rule
0,J00063c1,20.2,J00063,D:lognormal_from_declared_pairing_rule
1,J00063c1,14.8,J00063,D:lognormal_from_declared_pairing_rule
2,J00063c1,29.0,J00063,D:lognormal_from_declared_pairing_rule
3,J00063c1,10.1,J00063,D:lognormal_from_declared_pairing_rule
4,J00063c1,15.3,J00063,D:lognormal_from_declared_pairing_rule
5,J00063c1,10.8,J00063,D:lognormal_from_declared_pairing_rule
6,J00063c1,8.5,J00063,D:lognormal_from_declared_pairing_rule
7,J00063c1,11.0,J00063,D:lognormal_from_declared_pairing_rule
8,J00063c1,9.3,J00063,D:lognormal_from_declared_pairing_rule
9,J00063c1,12.8,J00063,D:lognormal_from_declared_pairing_rule
10,J00063c1,16.6,J00063,D:lognormal_from_declared_pairing_rule
11,J00063c1,5.0,J00063,D:lognormal_from_declared_pairing_rule
12,J00063c1,12.5,J00063,D:lognormal_from_declared_pairing_rule
13,J00063c1,8.2,J00063,D:lognormal_from_declared_pairing_rule
14,J00063c1,9.0,J00063,D:lognormal_from_declared_pairing_rule
15,J00063c1,12.0,J00063,D:lognormal_from_declared_pairing_rule
16,J00063c1,18.8,J00063,D:lognormal_from_declared_pairing_rule
17,J00063c1,10.4,J00063,D:lognormal_from_declared_pairing_rule
18,J00063c1,19.7,J00063,D:lognormal_from_declared_pairing_rule
19,J00063c1,14.8,J00063,D:lognormal_from_declared_pairing_rule
20,J00063c1,10.7,J00063,D:lognormal_from_declared_pairing_rule
21,J00063c1,10.4,J00063,D:lognormal_from_declared_pairing_rule
22,J00063c1,9.8,J00063,D:lognormal_from_declared_pairing_rule
23,J00063c1,17.4,J00063,D:lognormal_from_declared_pairing_rule
24,J00063c1,9.6,J00063,D:lognormal_from_declared_pairing_rule
25,J00063c1,12.9,J00063,D:lognormal_from_declared_pairing_rule
26,J00063c1,20.3,J00063,D:lognormal_from_declared_pairing_rule
27,J00063c1,12.6,J00063,D:lognormal_from_declared_pairing_rule
28,J00063c1,15.8,J00063,D:lognormal_from_declared_pairing_rule
29,J00063c1,10.5,J00063,D:lognormal_from_declared_pairing_rule
0,J00064c0,38.0,J00064,D:lognormal_from_declared_pairing_rule
1,J00064c0,30.3,J00064,D:lognormal_from_declared_pairing_rule
2,J00064c0,18.1,J00064,D:lognormal_from_declared_pairing_rule
3,J00064c0,27.7,J00064,D:lognormal_from_declared_pairing_rule
4,J00064c0,25.8,J00064,D:lognormal_from_declared_pairing_rule
5,J00064c0,16.4,J00064,D:lognormal_from_declared_pairing_rule
6,J00064c0,25.7,J00064,D:lognormal_from_declared_pairing_rule
7,J00064c0,28.8,J00064,D:lognormal_from_declared_pairing_rule
8,J00064c0,35.4,J00064,D:lognormal_from_declared_pairing_rule
9,J00064c0,17.9,J00064,D:lognormal_from_declared_pairing_rule
10,J00064c0,19.2,J00064,D:lognormal_from_declared_pairing_rule
11,J00064c0,26.2,J00064,D:lognormal_from_declared_pairing_rule
12,J00064c0,29.2,J00064,D:lognormal_from_declared_pairing_rule
13,J00064c0,15.0,J00064,D:lognormal_from_declared_pairing_rule
14,J00064c0,28.0,J00064,D:lognormal_from_declared_pairing_rule
15,J00064c0,23.7,J00064,D:lognormal_from_declared_pairing_rule
16,J00064c0,20.3,J00064,D:lognormal_from_declared_pairing_rule
17,J00064c0,17.0,J00064,D:lognormal_from_declared_pairing_rule
18,J00064c0,38.5,J00064,D:lognormal_from_declared_pairing_rule
19,J00064c0,43.8,J00064,D:lognormal_from_declared_pairing_rule
20,J00064c0,13.3,J00064,D:lognormal_from_declared_pairing_rule
21,J00064c0,24.7,J00064,D:lognormal_from_declared_pairing_rule
22,J00064c0,32.3,J00064,D:lognormal_from_declared_pairing_rule
23,J00064c0,26.2,J00064,D:lognormal_from_declared_pairing_rule
24,J00064c0,19.1,J00064,D:lognormal_from_declared_pairing_rule
25,J00064c0,33.4,J00064,D:lognormal_from_declared_pairing_rule
26,J00064c0,30.8,J00064,D:lognormal_from_declared_pairing_rule
27,J00064c0,12.9,J00064,D:lognormal_from_declared_pairing_rule
28,J00064c0,38.3,J00064,D:lognormal_from_declared_pairing_rule
29,J00064c0,46.4,J00064,D:lognormal_from_declared_pairing_rule
0,J00064c1,16.5,J00064,D:lognormal_from_declared_pairing_rule
1,J00064c1,16.8,J00064,D:lognormal_from_declared_pairing_rule
2,J00064c1,18.2,J00064,D:lognormal_from_declared_pairing_rule
3,J00064c1,24.7,J00064,D:lognormal_from_declared_pairing_rule
4,J00064c1,18.2,J00064,D:lognormal_from_declared_pairing_rule
5,J00064c1,10.7,J00064,D:lognormal_from_declared_pairing_rule
6,J00064c1,18.4,J00064,D:lognormal_from_declared_pairing_rule
7,J00064c1,19.6,J00064,D:lognormal_from_declared_pairing_rule
8,J00064c1,18.6,J00064,D:lognormal_from_declared_pairing_rule
9,J00064c1,16.3,J00064,D:lognormal_from_declared_pairing_rule
10,J00064c1,13.7,J00064,D:lognormal_from_declared_pairing_rule
11,J00064c1,8.0,J00064,D:lognormal_from_declared_pairing_rule
12,J00064c1,19.4,J00064,D:lognormal_from_declared_pairing_rule
13,J00064c1,19.2,J00064,D:lognormal_from_declared_pairing_rule
14,J00064c1,24.9,J00064,D:lognormal_from_declared_pairing_rule
15,J00064c1,20.4,J00064,D:lognormal_from_declared_pairing_rule
16,J00064c1,10.5,J00064,D:lognormal_from_declared_pairing_rule
17,J00064c1,12.7,J00064,D:lognormal_from_declared_pairing_rule
18,J00064c1,13.2,J00064,D:lognormal_from_declared_pairing_rule
19,J00064c1,13.5,J00064,D:lognormal_from_declared_pairing_rule
20,J00064c1,26.7,J00064,D:lognormal_from_declared_pairing_rule
21,J00064c1,22.2,J00064,D:lognormal_from_declared_pairing_rule
22,J00064c1,9.3,J00064,D:lognormal_from_declared_pairing_rule
23,J00064c1,13.6,J00064,D:lognormal_from_declared_pairing_rule
24,J00064c1,17.1,J00064,D:lognormal_from_declared_pairing_rule
25,J00064c1,15.9,J00064,D:lognormal_from_declared_pairing_rule
26,J00064c1,16.7,J00064,D:lognormal_from_declared_pairing_rule
27,J00064c1,13.4,J00064,D:lognormal_from_declared_pairing_rule
28,J00064c1,9.2,J00064,D:lognormal_from_declared_pairing_rule
29,J00064c1,9.2,J00064,D:lognormal_from_declared_pairing_rule
0,J00068c0,28.3,J00068,D:lognormal_from_declared_pairing_rule
1,J00068c0,13.0,J00068,D:lognormal_from_declared_pairing_rule
2,J00068c0,38.5,J00068,D:lognormal_from_declared_pairing_rule
3,J00068c0,24.7,J00068,D:lognormal_from_declared_pairing_rule
4,J00068c0,21.6,J00068,D:lognormal_from_declared_pairing_rule
5,J00068c0,22.9,J00068,D:lognormal_from_declared_pairing_rule
6,J00068c0,26.7,J00068,D:lognormal_from_declared_pairing_rule
7,J00068c0,25.6,J00068,D:lognormal_from_declared_pairing_rule
8,J00068c0,45.0,J00068,D:lognormal_from_declared_pairing_rule
9,J00068c0,19.7,J00068,D:lognormal_from_declared_pairing_rule
10,J00068c0,16.3,J00068,D:lognormal_from_declared_pairing_rule
11,J00068c0,38.7,J00068,D:lognormal_from_declared_pairing_rule
12,J00068c0,27.9,J00068,D:lognormal_from_declared_pairing_rule
13,J00068c0,26.4,J00068,D:lognormal_from_declared_pairing_rule
14,J00068c0,33.0,J00068,D:lognormal_from_declared_pairing_rule
15,J00068c0,29.6,J00068,D:lognormal_from_declared_pairing_rule
16,J00068c0,21.8,J00068,D:lognormal_from_declared_pairing_rule
17,J00068c0,31.1,J00068,D:lognormal_from_declared_pairing_rule
18,J00068c0,23.3,J00068,D:lognormal_from_declared_pairing_rule
19,J00068c0,23.9,J00068,D:lognormal_from_declared_pairing_rule
20,J00068c0,27.5,J00068,D:lognormal_from_declared_pairing_rule
21,J00068c0,25.2,J00068,D:lognormal_from_declared_pairing_rule
22,J00068c0,18.3,J00068,D:lognormal_from_declared_pairing_rule
23,J00068c0,19.3,J00068,D:lognormal_from_declared_pairing_rule
24,J00068c0,23.2,J00068,D:lognormal_from_declared_pairing_rule
25,J00068c0,26.2,J00068,D:lognormal_from_declared_pairing_rule
26,J00068c0,35.8,J00068,D:lognormal_from_declared_pairing_rule
27,J00068c0,21.7,J00068,D:lognormal_from_declared_pairing_rule
28,J00068c0,48.8,J00068,D:lognormal_from_declared_pairing_rule
29,J00068c0,13.7,J00068,D:lognormal_from_declared_pairing_rule
0,J00068c1,11.3,J00068,D:lognormal_from_declared_pairing_rule
1,J00068c1,20.4,J00068,D:lognormal_from_declared_pairing_rule
2,J00068c1,23.1,J00068,D:lognormal_from_declared_pairing_rule
3,J00068c1,23.4,J00068,D:lognormal_from_declared_pairing_rule
4,J00068c1,14.7,J00068,D:lognormal_from_declared_pairing_rule
5,J00068c1,14.2,J00068,D:lognormal_from_declared_pairing_rule
6,J00068c1,17.5,J00068,D:lognormal_from_declared_pairing_rule
7,J00068c1,16.4,J00068,D:lognormal_from_declared_pairing_rule
8,J00068c1,17.4,J00068,D:lognormal_from_declared_pairing_rule
9,J00068c1,22.0,J00068,D:lognormal_from_declared_pairing_rule
10,J00068c1,10.0,J00068,D:lognormal_from_declared_pairing_rule
11,J00068c1,17.3,J00068,D:lognormal_from_declared_pairing_rule
12,J00068c1,11.5,J00068,D:lognormal_from_declared_pairing_rule
13,J00068c1,11.5,J00068,D:lognormal_from_declared_pairing_rule
14,J00068c1,8.6,J00068,D:lognormal_from_declared_pairing_rule
15,J00068c1,11.4,J00068,D:lognormal_from_declared_pairing_rule
16,J00068c1,14.2,J00068,D:lognormal_from_declared_pairing_rule
17,J00068c1,25.2,J00068,D:lognormal_from_declared_pairing_rule
18,J00068c1,9.7,J00068,D:lognormal_from_declared_pairing_rule
19,J00068c1,13.2,J00068,D:lognormal_from_declared_pairing_rule
20,J00068c1,16.2,J00068,D:lognormal_from_declared_pairing_rule
21,J00068c1,10.4,J00068,D:lognormal_from_declared_pairing_rule
22,J00068c1,9.9,J00068,D:lognormal_from_declared_pairing_rule
23,J00068c1,8.0,J00068,D:lognormal_from_declared_pairing_rule
24,J00068c1,14.0,J00068,D:lognormal_from_declared_pairing_rule
25,J00068c1,12.1,J00068,D:lognormal_from_declared_pairing_rule
26,J00068c1,13.9,J00068,D:lognormal_from_declared_pairing_rule
27,J00068c1,12.4,J00068,D:lognormal_from_declared_pairing_rule
28,J00068c1,11.1,J00068,D:lognormal_from_declared_pairing_rule
29,J00068c1,14.3,J00068,D:lognormal_from_declared_pairing_rule
0,J00078c0,23.9,J00078,D:lognormal_from_declared_pairing_rule
1,J00078c0,13.4,J00078,D:lognormal_from_declared_pairing_rule
2,J00078c0,20.5,J00078,D:lognormal_from_declared_pairing_rule
3,J00078c0,21.6,J00078,D:lognormal_from_declared_pairing_rule
4,J00078c0,25.2,J00078,D:lognormal_from_declared_pairing_rule
5,J00078c0,12.5,J00078,D:lognormal_from_declared_pairing_rule
6,J00078c0,19.0,J00078,D:lognormal_from_declared_pairing_rule
7,J00078c0,23.7,J00078,D:lognormal_from_declared_pairing_rule
8,J00078c0,15.1,J00078,D:lognormal_from_declared_pairing_rule
9,J00078c0,26.4,J00078,D:lognormal_from_declared_pairing_rule
10,J00078c0,17.5,J00078,D:lognormal_from_declared_pairing_rule
11,J00078c0,19.2,J00078,D:lognormal_from_declared_pairing_rule
12,J00078c0,17.2,J00078,D:lognormal_from_declared_pairing_rule
13,J00078c0,22.3,J00078,D:lognormal_from_declared_pairing_rule
14,J00078c0,32.1,J00078,D:lognormal_from_declared_pairing_rule
15,J00078c0,22.1,J00078,D:lognormal_from_declared_pairing_rule
16,J00078c0,17.3,J00078,D:lognormal_from_declared_pairing_rule
17,J00078c0,14.0,J00078,D:lognormal_from_declared_pairing_rule
18,J00078c0,14.5,J00078,D:lognormal_from_declared_pairing_rule
19,J00078c0,21.7,J00078,D:lognormal_from_declared_pairing_rule
20,J00078c0,17.7,J00078,D:lognormal_from_declared_pairing_rule
21,J00078c0,21.8,J00078,D:lognormal_from_declared_pairing_rule
22,J00078c0,25.8,J00078,D:lognormal_from_declared_pairing_rule
23,J00078c0,19.1,J00078,D:lognormal_from_declared_pairing_rule
24,J00078c0,17.2,J00078,D:lognormal_from_declared_pairing_rule
25,J00078c0,24.2,J00078,D:lognormal_from_declared_pairing_rule
26,J00078c0,16.0,J00078,D:lognormal_from_declared_pairing_rule
27,J00078c0,16.6,J00078,D:lognormal_from_declared_pairing_rule
28,J00078c0,20.6,J00078,D:lognormal_from_declared_pairing_rule
29,J00078c0,18.1,J00078,D:lognormal_from_declared_pairing_rule
0,J00086c0,27.2,J00086,D:lognormal_from_declared_pairing_rule
1,J00086c0,15.7,J00086,D:lognormal_from_declared_pairing_rule
2,J00086c0,34.6,J00086,D:lognormal_from_declared_pairing_rule
3,J00086c0,68.4,J00086,D:lognormal_from_declared_pairing_rule
4,J00086c0,35.3,J00086,D:lognormal_from_declared_pairing_rule
5,J00086c0,26.7,J00086,D:lognormal_from_declared_pairing_rule
6,J00086c0,31.6,J00086,D:lognormal_from_declared_pairing_rule
7,J00086c0,27.6,J00086,D:lognormal_from_declared_pairing_rule
8,J00086c0,28.3,J00086,D:lognormal_from_declared_pairing_rule
9,J00086c0,38.9,J00086,D:lognormal_from_declared_pairing_rule
10,J00086c0,25.4,J00086,D:lognormal_from_declared_pairing_rule
11,J00086c0,25.5,J00086,D:lognormal_from_declared_pairing_rule
12,J00086c0,31.1,J00086,D:lognormal_from_declared_pairing_rule
13,J00086c0,29.6,J00086,D:lognormal_from_declared_pairing_rule
14,J00086c0,29.6,J00086,D:lognormal_from_declared_pairing_rule
15,J00086c0,14.6,J00086,D:lognormal_from_declared_pairing_rule
16,J00086c0,79.5,J00086,D:lognormal_from_declared_pairing_rule
17,J00086c0,30.2,J00086,D:lognormal_from_declared_pairing_rule
18,J00086c0,24.9,J00086,D:lognormal_from_declared_pairing_rule
19,J00086c0,38.1,J00086,D:lognormal_from_declared_pairing_rule
20,J00086c0,31.6,J00086,D:lognormal_from_declared_pairing_rule
21,J00086c0,30.1,J00086,D:lognormal_from_declared_pairing_rule
22,J00086c0,31.3,J00086,D:lognormal_from_declared_pairing_rule
23,J00086c0,38.8,J00086,D:lognormal_from_declared_pairing_rule
24,J00086c0,32.8,J00086,D:lognormal_from_declared_pairing_rule
25,J00086c0,36.2,J00086,D:lognormal_from_declared_pairing_rule
26,J00086c0,27.5,J00086,D:lognormal_from_declared_pairing_rule
27,J00086c0,49.6,J00086,D:lognormal_from_declared_pairing_rule
28,J00086c0,25.5,J00086,D:lognormal_from_declared_pairing_rule
29,J00086c0,22.3,J00086,D:lognormal_from_declared_pairing_rule
0,J00091c0,33.4,J00091,D:lognormal_from_declared_pairing_rule
1,J00091c0,11.5,J00091,D:lognormal_from_declared_pairing_rule
2,J00091c0,19.5,J00091,D:lognormal_from_declared_pairing_rule
3,J00091c0,21.6,J00091,D:lognormal_from_declared_pairing_rule
4,J00091c0,23.3,J00091,D:lognormal_from_declared_pairing_rule
5,J00091c0,23.4,J00091,D:lognormal_from_declared_pairing_rule
6,J00091c0,18.5,J00091,D:lognormal_from_declared_pairing_rule
7,J00091c0,24.6,J00091,D:lognormal_from_declared_pairing_rule
8,J00091c0,38.9,J00091,D:lognormal_from_declared_pairing_rule
9,J00091c0,22.0,J00091,D:lognormal_from_declared_pairing_rule
10,J00091c0,35.7,J00091,D:lognormal_from_declared_pairing_rule
11,J00091c0,40.5,J00091,D:lognormal_from_declared_pairing_rule
12,J00091c0,13.9,J00091,D:lognormal_from_declared_pairing_rule
13,J00091c0,27.4,J00091,D:lognormal_from_declared_pairing_rule
14,J00091c0,20.1,J00091,D:lognormal_from_declared_pairing_rule
15,J00091c0,21.7,J00091,D:lognormal_from_declared_pairing_rule
16,J00091c0,24.7,J00091,D:lognormal_from_declared_pairing_rule
17,J00091c0,16.4,J00091,D:lognormal_from_declared_pairing_rule
18,J00091c0,24.8,J00091,D:lognormal_from_declared_pairing_rule
19,J00091c0,25.7,J00091,D:lognormal_from_declared_pairing_rule
20,J00091c0,31.6,J00091,D:lognormal_from_declared_pairing_rule
21,J00091c0,23.5,J00091,D:lognormal_from_declared_pairing_rule
22,J00091c0,22.3,J00091,D:lognormal_from_declared_pairing_rule
23,J00091c0,19.4,J00091,D:lognormal_from_declared_pairing_rule
24,J00091c0,22.3,J00091,D:lognormal_from_declared_pairing_rule
25,J00091c0,24.6,J00091,D:lognormal_from_declared_pairing_rule
26,J00091c0,22.2,J00091,D:lognormal_from_declared_pairing_rule
27,J00091c0,17.2,J00091,D:lognormal_from_declared_pairing_rule
28,J00091c0,28.4,J00091,D:lognormal_from_declared_pairing_rule
29,J00091c0,24.9,J00091,D:lognormal_from_declared_pairing_rule
0,J00091c1,12.2,J00091,D:lognormal_from_declared_pairing_rule
1,J00091c1,19.1,J00091,D:lognormal_from_declared_pairing_rule
2,J00091c1,13.1,J00091,D:lognormal_from_declared_pairing_rule
3,J00091c1,13.9,J00091,D:lognormal_from_declared_pairing_rule
4,J00091c1,12.7,J00091,D:lognormal_from_declared_pairing_rule
5,J00091c1,19.6,J00091,D:lognormal_from_declared_pairing_rule
6,J00091c1,24.9,J00091,D:lognormal_from_declared_pairing_rule
7,J00091c1,12.0,J00091,D:lognormal_from_declared_pairing_rule
8,J00091c1,9.4,J00091,D:lognormal_from_declared_pairing_rule
9,J00091c1,10.0,J00091,D:lognormal_from_declared_pairing_rule
10,J00091c1,10.5,J00091,D:lognormal_from_declared_pairing_rule
11,J00091c1,10.2,J00091,D:lognormal_from_declared_pairing_rule
12,J00091c1,30.0,J00091,D:lognormal_from_declared_pairing_rule
13,J00091c1,14.4,J00091,D:lognormal_from_declared_pairing_rule
14,J00091c1,22.0,J00091,D:lognormal_from_declared_pairing_rule
15,J00091c1,14.4,J00091,D:lognormal_from_declared_pairing_rule
16,J00091c1,15.7,J00091,D:lognormal_from_declared_pairing_rule
17,J00091c1,9.7,J00091,D:lognormal_from_declared_pairing_rule
18,J00091c1,13.3,J00091,D:lognormal_from_declared_pairing_rule
19,J00091c1,11.5,J00091,D:lognormal_from_declared_pairing_rule
20,J00091c1,8.3,J00091,D:lognormal_from_declared_pairing_rule
21,J00091c1,9.3,J00091,D:lognormal_from_declared_pairing_rule
22,J00091c1,17.0,J00091,D:lognormal_from_declared_pairing_rule
23,J00091c1,14.5,J00091,D:lognormal_from_declared_pairing_rule
24,J00091c1,13.8,J00091,D:lognormal_from_declared_pairing_rule
25,J00091c1,20.1,J00091,D:lognormal_from_declared_pairing_rule
26,J00091c1,23.1,J00091,D:lognormal_from_declared_pairing_rule
27,J00091c1,8.9,J00091,D:lognormal_from_declared_pairing_rule
28,J00091c1,13.0,J00091,D:lognormal_from_declared_pairing_rule
29,J00091c1,14.5,J00091,D:lognormal_from_declared_pairing_rule
0,J00100c0,14.7,J00100,D:lognormal_from_declared_pairing_rule
1,J00100c0,25.0,J00100,D:lognormal_from_declared_pairing_rule
2,J00100c0,23.3,J00100,D:lognormal_from_declared_pairing_rule
3,J00100c0,25.8,J00100,D:lognormal_from_declared_pairing_rule
4,J00100c0,10.3,J00100,D:lognormal_from_declared_pairing_rule
5,J00100c0,22.2,J00100,D:lognormal_from_declared_pairing_rule
6,J00100c0,26.7,J00100,D:lognormal_from_declared_pairing_rule
7,J00100c0,13.0,J00100,D:lognormal_from_declared_pairing_rule
8,J00100c0,29.7,J00100,D:lognormal_from_declared_pairing_rule
9,J00100c0,36.0,J00100,D:lognormal_from_declared_pairing_rule
10,J00100c0,13.4,J00100,D:lognormal_from_declared_pairing_rule
11,J00100c0,18.6,J00100,D:lognormal_from_declared_pairing_rule
12,J00100c0,23.8,J00100,D:lognormal_from_declared_pairing_rule
13,J00100c0,19.5,J00100,D:lognormal_from_declared_pairing_rule
14,J00100c0,46.6,J00100,D:lognormal_from_declared_pairing_rule
15,J00100c0,16.4,J00100,D:lognormal_from_declared_pairing_rule
16,J00100c0,23.9,J00100,D:lognormal_from_declared_pairing_rule
17,J00100c0,19.5,J00100,D:lognormal_from_declared_pairing_rule
18,J00100c0,40.6,J00100,D:lognormal_from_declared_pairing_rule
19,J00100c0,35.1,J00100,D:lognormal_from_declared_pairing_rule
20,J00100c0,15.8,J00100,D:lognormal_from_declared_pairing_rule
21,J00100c0,17.5,J00100,D:lognormal_from_declared_pairing_rule
22,J00100c0,21.7,J00100,D:lognormal_from_declared_pairing_rule
23,J00100c0,22.2,J00100,D:lognormal_from_declared_pairing_rule
24,J00100c0,29.2,J00100,D:lognormal_from_declared_pairing_rule
25,J00100c0,27.0,J00100,D:lognormal_from_declared_pairing_rule
26,J00100c0,18.5,J00100,D:lognormal_from_declared_pairing_rule
27,J00100c0,22.3,J00100,D:lognormal_from_declared_pairing_rule
28,J00100c0,17.8,J00100,D:lognormal_from_declared_pairing_rule
29,J00100c0,13.7,J00100,D:lognormal_from_declared_pairing_rule
0,J00100c1,13.1,J00100,D:lognormal_from_declared_pairing_rule
1,J00100c1,6.5,J00100,D:lognormal_from_declared_pairing_rule
2,J00100c1,14.2,J00100,D:lognormal_from_declared_pairing_rule
3,J00100c1,16.8,J00100,D:lognormal_from_declared_pairing_rule
4,J00100c1,7.0,J00100,D:lognormal_from_declared_pairing_rule
5,J00100c1,16.3,J00100,D:lognormal_from_declared_pairing_rule
6,J00100c1,13.7,J00100,D:lognormal_from_declared_pairing_rule
7,J00100c1,11.6,J00100,D:lognormal_from_declared_pairing_rule
8,J00100c1,14.7,J00100,D:lognormal_from_declared_pairing_rule
9,J00100c1,13.0,J00100,D:lognormal_from_declared_pairing_rule
10,J00100c1,18.6,J00100,D:lognormal_from_declared_pairing_rule
11,J00100c1,13.8,J00100,D:lognormal_from_declared_pairing_rule
12,J00100c1,11.2,J00100,D:lognormal_from_declared_pairing_rule
13,J00100c1,14.2,J00100,D:lognormal_from_declared_pairing_rule
14,J00100c1,13.9,J00100,D:lognormal_from_declared_pairing_rule
15,J00100c1,16.3,J00100,D:lognormal_from_declared_pairing_rule
16,J00100c1,22.8,J00100,D:lognormal_from_declared_pairing_rule
17,J00100c1,27.4,J00100,D:lognormal_from_declared_pairing_rule
18,J00100c1,10.3,J00100,D:lognormal_from_declared_pairing_rule
19,J00100c1,17.6,J00100,D:lognormal_from_declared_pairing_rule
20,J00100c1,19.9,J00100,D:lognormal_from_declared_pairing_rule
21,J00100c1,17.4,J00100,D:lognormal_from_declared_pairing_rule
22,J00100c1,10.5,J00100,D:lognormal_from_declared_pairing_rule
23,J00100c1,17.8,J00100,D:lognormal_from_declared_pairing_rule
24,J00100c1,12.5,J00100,D:lognormal_from_declared_pairing_rule
25,J00100c1,9.8,J00100,D:lognormal_from_declared_pairing_rule
26,J00100c1,8.5,J00100,D:lognormal_from_declared_pairing_rule
27,J00100c1,4.6,J00100,D:lognormal_from_declared_pairing_rule
28,J00100c1,15.4,J00100,D:lognormal_from_declared_pairing_rule
29,J00100c1,17.5,J00100,D:lognormal_from_declared_pairing_rule
0,J00103c0,21.9,J00103,D:lognormal_from_declared_pairing_rule
1,J00103c0,18.3,J00103,D:lognormal_from_declared_pairing_rule
2,J00103c0,18.6,J00103,D:lognormal_from_declared_pairing_rule
3,J00103c0,29.3,J00103,D:lognormal_from_declared_pairing_rule
4,J00103c0,17.7,J00103,D:lognormal_from_declared_pairing_rule
5,J00103c0,32.5,J00103,D:lognormal_from_declared_pairing_rule
6,J00103c0,18.4,J00103,D:lognormal_from_declared_pairing_rule
7,J00103c0,36.7,J00103,D:lognormal_from_declared_pairing_rule
8,J00103c0,35.0,J00103,D:lognormal_from_declared_pairing_rule
9,J00103c0,35.1,J00103,D:lognormal_from_declared_pairing_rule
10,J00103c0,31.0,J00103,D:lognormal_from_declared_pairing_rule
11,J00103c0,26.2,J00103,D:lognormal_from_declared_pairing_rule
12,J00103c0,50.4,J00103,D:lognormal_from_declared_pairing_rule
13,J00103c0,22.9,J00103,D:lognormal_from_declared_pairing_rule
14,J00103c0,21.8,J00103,D:lognormal_from_declared_pairing_rule
15,J00103c0,25.0,J00103,D:lognormal_from_declared_pairing_rule
16,J00103c0,22.9,J00103,D:lognormal_from_declared_pairing_rule
17,J00103c0,62.5,J00103,D:lognormal_from_declared_pairing_rule
18,J00103c0,30.4,J00103,D:lognormal_from_declared_pairing_rule
19,J00103c0,31.4,J00103,D:lognormal_from_declared_pairing_rule
20,J00103c0,37.2,J00103,D:lognormal_from_declared_pairing_rule
21,J00103c0,43.1,J00103,D:lognormal_from_declared_pairing_rule
22,J00103c0,31.4,J00103,D:lognormal_from_declared_pairing_rule
23,J00103c0,28.8,J00103,D:lognormal_from_declared_pairing_rule
24,J00103c0,54.7,J00103,D:lognormal_from_declared_pairing_rule
25,J00103c0,23.3,J00103,D:lognormal_from_declared_pairing_rule
26,J00103c0,25.3,J00103,D:lognormal_from_declared_pairing_rule
27,J00103c0,17.1,J00103,D:lognormal_from_declared_pairing_rule
28,J00103c0,17.6,J00103,D:lognormal_from_declared_pairing_rule
29,J00103c0,27.9,J00103,D:lognormal_from_declared_pairing_rule
0,J00103c1,23.8,J00103,D:lognormal_from_declared_pairing_rule
1,J00103c1,20.4,J00103,D:lognormal_from_declared_pairing_rule
2,J00103c1,15.7,J00103,D:lognormal_from_declared_pairing_rule
3,J00103c1,18.6,J00103,D:lognormal_from_declared_pairing_rule
4,J00103c1,23.0,J00103,D:lognormal_from_declared_pairing_rule
5,J00103c1,12.1,J00103,D:lognormal_from_declared_pairing_rule
6,J00103c1,34.4,J00103,D:lognormal_from_declared_pairing_rule
7,J00103c1,11.4,J00103,D:lognormal_from_declared_pairing_rule
8,J00103c1,22.0,J00103,D:lognormal_from_declared_pairing_rule
9,J00103c1,23.0,J00103,D:lognormal_from_declared_pairing_rule
10,J00103c1,23.9,J00103,D:lognormal_from_declared_pairing_rule
11,J00103c1,19.2,J00103,D:lognormal_from_declared_pairing_rule
12,J00103c1,26.2,J00103,D:lognormal_from_declared_pairing_rule
13,J00103c1,32.8,J00103,D:lognormal_from_declared_pairing_rule
14,J00103c1,9.8,J00103,D:lognormal_from_declared_pairing_rule
15,J00103c1,16.2,J00103,D:lognormal_from_declared_pairing_rule
16,J00103c1,23.7,J00103,D:lognormal_from_declared_pairing_rule
17,J00103c1,19.1,J00103,D:lognormal_from_declared_pairing_rule
18,J00103c1,24.0,J00103,D:lognormal_from_declared_pairing_rule
19,J00103c1,18.0,J00103,D:lognormal_from_declared_pairing_rule
20,J00103c1,11.9,J00103,D:lognormal_from_declared_pairing_rule
21,J00103c1,19.3,J00103,D:lognormal_from_declared_pairing_rule
22,J00103c1,22.1,J00103,D:lognormal_from_declared_pairing_rule
23,J00103c1,15.7,J00103,D:lognormal_from_declared_pairing_rule
24,J00103c1,27.4,J00103,D:lognormal_from_declared_pairing_rule
25,J00103c1,13.0,J00103,D:lognormal_from_declared_pairing_rule
26,J00103c1,16.4,J00103,D:lognormal_from_declared_pairing_rule
27,J00103c1,16.9,J00103,D:lognormal_from_declared_pairing_rule
28,J00103c1,11.3,J00103,D:lognormal_from_declared_pairing_rule
29,J00103c1,34.0,J00103,D:lognormal_from_declared_pairing_rule
0,J00104c0,25.2,J00104,D:lognormal_from_declared_pairing_rule
1,J00104c0,36.0,J00104,D:lognormal_from_declared_pairing_rule
2,J00104c0,17.9,J00104,D:lognormal_from_declared_pairing_rule
3,J00104c0,27.8,J00104,D:lognormal_from_declared_pairing_rule
4,J00104c0,52.7,J00104,D:lognormal_from_declared_pairing_rule
5,J00104c0,40.4,J00104,D:lognormal_from_declared_pairing_rule
6,J00104c0,35.9,J00104,D:lognormal_from_declared_pairing_rule
7,J00104c0,38.8,J00104,D:lognormal_from_declared_pairing_rule
8,J00104c0,28.3,J00104,D:lognormal_from_declared_pairing_rule
9,J00104c0,49.9,J00104,D:lognormal_from_declared_pairing_rule
10,J00104c0,20.9,J00104,D:lognormal_from_declared_pairing_rule
11,J00104c0,38.2,J00104,D:lognormal_from_declared_pairing_rule
12,J00104c0,17.4,J00104,D:lognormal_from_declared_pairing_rule
13,J00104c0,26.6,J00104,D:lognormal_from_declared_pairing_rule
14,J00104c0,37.7,J00104,D:lognormal_from_declared_pairing_rule
15,J00104c0,20.2,J00104,D:lognormal_from_declared_pairing_rule
16,J00104c0,32.0,J00104,D:lognormal_from_declared_pairing_rule
17,J00104c0,32.3,J00104,D:lognormal_from_declared_pairing_rule
18,J00104c0,24.3,J00104,D:lognormal_from_declared_pairing_rule
19,J00104c0,27.3,J00104,D:lognormal_from_declared_pairing_rule
20,J00104c0,52.1,J00104,D:lognormal_from_declared_pairing_rule
21,J00104c0,31.3,J00104,D:lognormal_from_declared_pairing_rule
22,J00104c0,25.6,J00104,D:lognormal_from_declared_pairing_rule
23,J00104c0,35.4,J00104,D:lognormal_from_declared_pairing_rule
24,J00104c0,26.3,J00104,D:lognormal_from_declared_pairing_rule
25,J00104c0,29.3,J00104,D:lognormal_from_declared_pairing_rule
26,J00104c0,23.3,J00104,D:lognormal_from_declared_pairing_rule
27,J00104c0,21.0,J00104,D:lognormal_from_declared_pairing_rule
28,J00104c0,48.4,J00104,D:lognormal_from_declared_pairing_rule
29,J00104c0,25.8,J00104,D:lognormal_from_declared_pairing_rule
0,J00104c1,22.2,J00104,D:lognormal_from_declared_pairing_rule
1,J00104c1,12.8,J00104,D:lognormal_from_declared_pairing_rule
2,J00104c1,14.3,J00104,D:lognormal_from_declared_pairing_rule
3,J00104c1,18.4,J00104,D:lognormal_from_declared_pairing_rule
4,J00104c1,37.0,J00104,D:lognormal_from_declared_pairing_rule
5,J00104c1,10.7,J00104,D:lognormal_from_declared_pairing_rule
6,J00104c1,22.8,J00104,D:lognormal_from_declared_pairing_rule
7,J00104c1,19.0,J00104,D:lognormal_from_declared_pairing_rule
8,J00104c1,34.0,J00104,D:lognormal_from_declared_pairing_rule
9,J00104c1,28.0,J00104,D:lognormal_from_declared_pairing_rule
10,J00104c1,14.6,J00104,D:lognormal_from_declared_pairing_rule
11,J00104c1,12.7,J00104,D:lognormal_from_declared_pairing_rule
12,J00104c1,24.9,J00104,D:lognormal_from_declared_pairing_rule
13,J00104c1,10.6,J00104,D:lognormal_from_declared_pairing_rule
14,J00104c1,25.7,J00104,D:lognormal_from_declared_pairing_rule
15,J00104c1,29.1,J00104,D:lognormal_from_declared_pairing_rule
16,J00104c1,19.5,J00104,D:lognormal_from_declared_pairing_rule
17,J00104c1,24.9,J00104,D:lognormal_from_declared_pairing_rule
18,J00104c1,12.4,J00104,D:lognormal_from_declared_pairing_rule
19,J00104c1,29.7,J00104,D:lognormal_from_declared_pairing_rule
20,J00104c1,16.7,J00104,D:lognormal_from_declared_pairing_rule
21,J00104c1,11.4,J00104,D:lognormal_from_declared_pairing_rule
22,J00104c1,11.3,J00104,D:lognormal_from_declared_pairing_rule
23,J00104c1,11.7,J00104,D:lognormal_from_declared_pairing_rule
24,J00104c1,21.1,J00104,D:lognormal_from_declared_pairing_rule
25,J00104c1,18.0,J00104,D:lognormal_from_declared_pairing_rule
26,J00104c1,16.9,J00104,D:lognormal_from_declared_pairing_rule
27,J00104c1,15.1,J00104,D:lognormal_from_declared_pairing_rule
28,J00104c1,15.3,J00104,D:lognormal_from_declared_pairing_rule
29,J00104c1,11.5,J00104,D:lognormal_from_declared_pairing_rule
0,J00122c0,23.2,J00122,D:lognormal_from_declared_pairing_rule
1,J00122c0,39.7,J00122,D:lognormal_from_declared_pairing_rule
2,J00122c0,35.1,J00122,D:lognormal_from_declared_pairing_rule
3,J00122c0,32.7,J00122,D:lognormal_from_declared_pairing_rule
4,J00122c0,17.6,J00122,D:lognormal_from_declared_pairing_rule
5,J00122c0,24.8,J00122,D:lognormal_from_declared_pairing_rule
6,J00122c0,28.0,J00122,D:lognormal_from_declared_pairing_rule
7,J00122c0,28.7,J00122,D:lognormal_from_declared_pairing_rule
8,J00122c0,35.8,J00122,D:lognormal_from_declared_pairing_rule
9,J00122c0,25.6,J00122,D:lognormal_from_declared_pairing_rule
10,J00122c0,19.7,J00122,D:lognormal_from_declared_pairing_rule
11,J00122c0,16.5,J00122,D:lognormal_from_declared_pairing_rule
12,J00122c0,14.9,J00122,D:lognormal_from_declared_pairing_rule
13,J00122c0,16.4,J00122,D:lognormal_from_declared_pairing_rule
14,J00122c0,19.9,J00122,D:lognormal_from_declared_pairing_rule
15,J00122c0,25.8,J00122,D:lognormal_from_declared_pairing_rule
16,J00122c0,28.3,J00122,D:lognormal_from_declared_pairing_rule
17,J00122c0,35.8,J00122,D:lognormal_from_declared_pairing_rule
18,J00122c0,19.0,J00122,D:lognormal_from_declared_pairing_rule
19,J00122c0,25.1,J00122,D:lognormal_from_declared_pairing_rule
20,J00122c0,17.4,J00122,D:lognormal_from_declared_pairing_rule
21,J00122c0,16.2,J00122,D:lognormal_from_declared_pairing_rule
22,J00122c0,25.7,J00122,D:lognormal_from_declared_pairing_rule
23,J00122c0,22.0,J00122,D:lognormal_from_declared_pairing_rule
24,J00122c0,25.9,J00122,D:lognormal_from_declared_pairing_rule
25,J00122c0,24.7,J00122,D:lognormal_from_declared_pairing_rule
26,J00122c0,23.2,J00122,D:lognormal_from_declared_pairing_rule
27,J00122c0,24.5,J00122,D:lognormal_from_declared_pairing_rule
28,J00122c0,22.1,J00122,D:lognormal_from_declared_pairing_rule
29,J00122c0,34.3,J00122,D:lognormal_from_declared_pairing_rule
0,J00122c1,22.7,J00122,D:lognormal_from_declared_pairing_rule
1,J00122c1,15.4,J00122,D:lognormal_from_declared_pairing_rule
2,J00122c1,11.6,J00122,D:lognormal_from_declared_pairing_rule
3,J00122c1,18.0,J00122,D:lognormal_from_declared_pairing_rule
4,J00122c1,19.0,J00122,D:lognormal_from_declared_pairing_rule
5,J00122c1,16.0,J00122,D:lognormal_from_declared_pairing_rule
6,J00122c1,20.9,J00122,D:lognormal_from_declared_pairing_rule
7,J00122c1,20.5,J00122,D:lognormal_from_declared_pairing_rule
8,J00122c1,12.7,J00122,D:lognormal_from_declared_pairing_rule
9,J00122c1,11.5,J00122,D:lognormal_from_declared_pairing_rule
10,J00122c1,16.6,J00122,D:lognormal_from_declared_pairing_rule
11,J00122c1,12.5,J00122,D:lognormal_from_declared_pairing_rule
12,J00122c1,14.9,J00122,D:lognormal_from_declared_pairing_rule
13,J00122c1,11.5,J00122,D:lognormal_from_declared_pairing_rule
14,J00122c1,8.2,J00122,D:lognormal_from_declared_pairing_rule
15,J00122c1,10.4,J00122,D:lognormal_from_declared_pairing_rule
16,J00122c1,20.2,J00122,D:lognormal_from_declared_pairing_rule
17,J00122c1,17.3,J00122,D:lognormal_from_declared_pairing_rule
18,J00122c1,25.8,J00122,D:lognormal_from_declared_pairing_rule
19,J00122c1,12.1,J00122,D:lognormal_from_declared_pairing_rule
20,J00122c1,22.2,J00122,D:lognormal_from_declared_pairing_rule
21,J00122c1,11.0,J00122,D:lognormal_from_declared_pairing_rule
22,J00122c1,10.1,J00122,D:lognormal_from_declared_pairing_rule
23,J00122c1,15.0,J00122,D:lognormal_from_declared_pairing_rule
24,J00122c1,21.2,J00122,D:lognormal_from_declared_pairing_rule
25,J00122c1,11.5,J00122,D:lognormal_from_declared_pairing_rule
26,J00122c1,12.1,J00122,D:lognormal_from_declared_pairing_rule
27,J00122c1,9.6,J00122,D:lognormal_from_declared_pairing_rule
28,J00122c1,13.3,J00122,D:lognormal_from_declared_pairing_rule
29,J00122c1,12.1,J00122,D:lognormal_from_declared_pairing_rule
0,J00123c0,15.8,J00123,D:lognormal_from_declared_pairing_rule
1,J00123c0,26.7,J00123,D:lognormal_from_declared_pairing_rule
2,J00123c0,32.5,J00123,D:lognormal_from_declared_pairing_rule
3,J00123c0,16.9,J00123,D:lognormal_from_declared_pairing_rule
4,J00123c0,24.3,J00123,D:lognormal_from_declared_pairing_rule
5,J00123c0,22.9,J00123,D:lognormal_from_declared_pairing_rule
6,J00123c0,17.3,J00123,D:lognormal_from_declared_pairing_rule
7,J00123c0,27.7,J00123,D:lognormal_from_declared_pairing_rule
8,J00123c0,27.4,J00123,D:lognormal_from_declared_pairing_rule
9,J00123c0,35.8,J00123,D:lognormal_from_declared_pairing_rule
10,J00123c0,20.2,J00123,D:lognormal_from_declared_pairing_rule
11,J00123c0,32.1,J00123,D:lognormal_from_declared_pairing_rule
12,J00123c0,24.8,J00123,D:lognormal_from_declared_pairing_rule
13,J00123c0,27.7,J00123,D:lognormal_from_declared_pairing_rule
14,J00123c0,43.7,J00123,D:lognormal_from_declared_pairing_rule
15,J00123c0,27.2,J00123,D:lognormal_from_declared_pairing_rule
16,J00123c0,22.7,J00123,D:lognormal_from_declared_pairing_rule
17,J00123c0,16.8,J00123,D:lognormal_from_declared_pairing_rule
18,J00123c0,18.7,J00123,D:lognormal_from_declared_pairing_rule
19,J00123c0,15.3,J00123,D:lognormal_from_declared_pairing_rule
20,J00123c0,20.4,J00123,D:lognormal_from_declared_pairing_rule
21,J00123c0,22.9,J00123,D:lognormal_from_declared_pairing_rule
22,J00123c0,18.1,J00123,D:lognormal_from_declared_pairing_rule
23,J00123c0,26.4,J00123,D:lognormal_from_declared_pairing_rule
24,J00123c0,23.2,J00123,D:lognormal_from_declared_pairing_rule
25,J00123c0,26.8,J00123,D:lognormal_from_declared_pairing_rule
26,J00123c0,18.1,J00123,D:lognormal_from_declared_pairing_rule
27,J00123c0,35.4,J00123,D:lognormal_from_declared_pairing_rule
28,J00123c0,24.1,J00123,D:lognormal_from_declared_pairing_rule
29,J00123c0,34.2,J00123,D:lognormal_from_declared_pairing_rule
0,J00123c1,12.2,J00123,D:lognormal_from_declared_pairing_rule
1,J00123c1,12.1,J00123,D:lognormal_from_declared_pairing_rule
2,J00123c1,9.5,J00123,D:lognormal_from_declared_pairing_rule
3,J00123c1,25.3,J00123,D:lognormal_from_declared_pairing_rule
4,J00123c1,10.4,J00123,D:lognormal_from_declared_pairing_rule
5,J00123c1,11.8,J00123,D:lognormal_from_declared_pairing_rule
6,J00123c1,9.1,J00123,D:lognormal_from_declared_pairing_rule
7,J00123c1,11.9,J00123,D:lognormal_from_declared_pairing_rule
8,J00123c1,16.4,J00123,D:lognormal_from_declared_pairing_rule
9,J00123c1,12.1,J00123,D:lognormal_from_declared_pairing_rule
10,J00123c1,14.9,J00123,D:lognormal_from_declared_pairing_rule
11,J00123c1,9.1,J00123,D:lognormal_from_declared_pairing_rule
12,J00123c1,15.9,J00123,D:lognormal_from_declared_pairing_rule
13,J00123c1,13.5,J00123,D:lognormal_from_declared_pairing_rule
14,J00123c1,19.2,J00123,D:lognormal_from_declared_pairing_rule
15,J00123c1,10.8,J00123,D:lognormal_from_declared_pairing_rule
16,J00123c1,25.0,J00123,D:lognormal_from_declared_pairing_rule
17,J00123c1,15.8,J00123,D:lognormal_from_declared_pairing_rule
18,J00123c1,12.1,J00123,D:lognormal_from_declared_pairing_rule
19,J00123c1,11.7,J00123,D:lognormal_from_declared_pairing_rule
20,J00123c1,18.9,J00123,D:lognormal_from_declared_pairing_rule
21,J00123c1,12.8,J00123,D:lognormal_from_declared_pairing_rule
22,J00123c1,9.6,J00123,D:lognormal_from_declared_pairing_rule
23,J00123c1,26.7,J00123,D:lognormal_from_declared_pairing_rule
24,J00123c1,15.7,J00123,D:lognormal_from_declared_pairing_rule
25,J00123c1,18.5,J00123,D:lognormal_from_declared_pairing_rule
26,J00123c1,11.8,J00123,D:lognormal_from_declared_pairing_rule
27,J00123c1,11.3,J00123,D:lognormal_from_declared_pairing_rule
28,J00123c1,27.0,J00123,D:lognormal_from_declared_pairing_rule
29,J00123c1,17.2,J00123,D:lognormal_from_declared_pairing_rule
0,J00124c0,35.1,J00124,D:lognormal_from_declared_pairing_rule
1,J00124c0,16.1,J00124,D:lognormal_from_declared_pairing_rule
2,J00124c0,10.4,J00124,D:lognormal_from_declared_pairing_rule
3,J00124c0,30.3,J00124,D:lognormal_from_declared_pairing_rule
4,J00124c0,19.5,J00124,D:lognormal_from_declared_pairing_rule
5,J00124c0,20.6,J00124,D:lognormal_from_declared_pairing_rule
6,J00124c0,22.7,J00124,D:lognormal_from_declared_pairing_rule
7,J00124c0,18.4,J00124,D:lognormal_from_declared_pairing_rule
8,J00124c0,19.6,J00124,D:lognormal_from_declared_pairing_rule
9,J00124c0,28.8,J00124,D:lognormal_from_declared_pairing_rule
10,J00124c0,24.7,J00124,D:lognormal_from_declared_pairing_rule
11,J00124c0,25.9,J00124,D:lognormal_from_declared_pairing_rule
12,J00124c0,16.4,J00124,D:lognormal_from_declared_pairing_rule
13,J00124c0,15.2,J00124,D:lognormal_from_declared_pairing_rule
14,J00124c0,26.4,J00124,D:lognormal_from_declared_pairing_rule
15,J00124c0,40.5,J00124,D:lognormal_from_declared_pairing_rule
16,J00124c0,28.5,J00124,D:lognormal_from_declared_pairing_rule
17,J00124c0,30.8,J00124,D:lognormal_from_declared_pairing_rule
18,J00124c0,32.6,J00124,D:lognormal_from_declared_pairing_rule
19,J00124c0,13.4,J00124,D:lognormal_from_declared_pairing_rule
20,J00124c0,20.8,J00124,D:lognormal_from_declared_pairing_rule
21,J00124c0,33.6,J00124,D:lognormal_from_declared_pairing_rule
22,J00124c0,19.0,J00124,D:lognormal_from_declared_pairing_rule
23,J00124c0,15.1,J00124,D:lognormal_from_declared_pairing_rule
24,J00124c0,27.3,J00124,D:lognormal_from_declared_pairing_rule
25,J00124c0,16.2,J00124,D:lognormal_from_declared_pairing_rule
26,J00124c0,18.9,J00124,D:lognormal_from_declared_pairing_rule
27,J00124c0,21.1,J00124,D:lognormal_from_declared_pairing_rule
28,J00124c0,30.2,J00124,D:lognormal_from_declared_pairing_rule
29,J00124c0,12.9,J00124,D:lognormal_from_declared_pairing_rule
0,J00124c1,10.4,J00124,D:lognormal_from_declared_pairing_rule
1,J00124c1,17.3,J00124,D:lognormal_from_declared_pairing_rule
2,J00124c1,15.5,J00124,D:lognormal_from_declared_pairing_rule
3,J00124c1,18.6,J00124,D:lognormal_from_declared_pairing_rule
4,J00124c1,11.9,J00124,D:lognormal_from_declared_pairing_rule
5,J00124c1,19.5,J00124,D:lognormal_from_declared_pairing_rule
6,J00124c1,19.3,J00124,D:lognormal_from_declared_pairing_rule
7,J00124c1,20.8,J00124,D:lognormal_from_declared_pairing_rule
8,J00124c1,12.8,J00124,D:lognormal_from_declared_pairing_rule
9,J00124c1,11.0,J00124,D:lognormal_from_declared_pairing_rule
10,J00124c1,15.9,J00124,D:lognormal_from_declared_pairing_rule
11,J00124c1,16.4,J00124,D:lognormal_from_declared_pairing_rule
12,J00124c1,15.5,J00124,D:lognormal_from_declared_pairing_rule
13,J00124c1,16.0,J00124,D:lognormal_from_declared_pairing_rule
14,J00124c1,16.2,J00124,D:lognormal_from_declared_pairing_rule
15,J00124c1,18.7,J00124,D:lognormal_from_declared_pairing_rule
16,J00124c1,8.7,J00124,D:lognormal_from_declared_pairing_rule
17,J00124c1,21.4,J00124,D:lognormal_from_declared_pairing_rule
18,J00124c1,12.2,J00124,D:lognormal_from_declared_pairing_rule
19,J00124c1,36.3,J00124,D:lognormal_from_declared_pairing_rule
20,J00124c1,15.4,J00124,D:lognormal_from_declared_pairing_rule
21,J00124c1,6.7,J00124,D:lognormal_from_declared_pairing_rule
22,J00124c1,10.5,J00124,D:lognormal_from_declared_pairing_rule
23,J00124c1,11.9,J00124,D:lognormal_from_declared_pairing_rule
24,J00124c1,10.2,J00124,D:lognormal_from_declared_pairing_rule
25,J00124c1,12.9,J00124,D:lognormal_from_declared_pairing_rule
26,J00124c1,19.0,J00124,D:lognormal_from_declared_pairing_rule
27,J00124c1,16.0,J00124,D:lognormal_from_declared_pairing_rule
28,J00124c1,11.2,J00124,D:lognormal_from_declared_pairing_rule
29,J00124c1,7.5,J00124,D:lognormal_from_declared_pairing_rule
0,J00125c0,33.2,J00125,D:lognormal_from_declared_pairing_rule
1,J00125c0,28.7,J00125,D:lognormal_from_declared_pairing_rule
2,J00125c0,23.7,J00125,D:lognormal_from_declared_pairing_rule
3,J00125c0,38.7,J00125,D:lognormal_from_declared_pairing_rule
4,J00125c0,49.4,J00125,D:lognormal_from_declared_pairing_rule
5,J00125c0,15.5,J00125,D:lognormal_from_declared_pairing_rule
6,J00125c0,25.7,J00125,D:lognormal_from_declared_pairing_rule
7,J00125c0,26.6,J00125,D:lognormal_from_declared_pairing_rule
8,J00125c0,21.6,J00125,D:lognormal_from_declared_pairing_rule
9,J00125c0,35.7,J00125,D:lognormal_from_declared_pairing_rule
10,J00125c0,35.9,J00125,D:lognormal_from_declared_pairing_rule
11,J00125c0,17.5,J00125,D:lognormal_from_declared_pairing_rule
12,J00125c0,32.2,J00125,D:lognormal_from_declared_pairing_rule
13,J00125c0,20.1,J00125,D:lognormal_from_declared_pairing_rule
14,J00125c0,31.8,J00125,D:lognormal_from_declared_pairing_rule
15,J00125c0,42.0,J00125,D:lognormal_from_declared_pairing_rule
16,J00125c0,32.8,J00125,D:lognormal_from_declared_pairing_rule
17,J00125c0,26.7,J00125,D:lognormal_from_declared_pairing_rule
18,J00125c0,31.8,J00125,D:lognormal_from_declared_pairing_rule
19,J00125c0,24.9,J00125,D:lognormal_from_declared_pairing_rule
20,J00125c0,24.0,J00125,D:lognormal_from_declared_pairing_rule
21,J00125c0,34.1,J00125,D:lognormal_from_declared_pairing_rule
22,J00125c0,15.9,J00125,D:lognormal_from_declared_pairing_rule
23,J00125c0,24.3,J00125,D:lognormal_from_declared_pairing_rule
24,J00125c0,27.7,J00125,D:lognormal_from_declared_pairing_rule
25,J00125c0,44.3,J00125,D:lognormal_from_declared_pairing_rule
26,J00125c0,23.1,J00125,D:lognormal_from_declared_pairing_rule
27,J00125c0,15.6,J00125,D:lognormal_from_declared_pairing_rule
28,J00125c0,30.2,J00125,D:lognormal_from_declared_pairing_rule
29,J00125c0,18.6,J00125,D:lognormal_from_declared_pairing_rule
0,J00125c1,35.8,J00125,D:lognormal_from_declared_pairing_rule
1,J00125c1,19.4,J00125,D:lognormal_from_declared_pairing_rule
2,J00125c1,27.8,J00125,D:lognormal_from_declared_pairing_rule
3,J00125c1,31.0,J00125,D:lognormal_from_declared_pairing_rule
4,J00125c1,13.0,J00125,D:lognormal_from_declared_pairing_rule
5,J00125c1,38.3,J00125,D:lognormal_from_declared_pairing_rule
6,J00125c1,24.7,J00125,D:lognormal_from_declared_pairing_rule
7,J00125c1,10.4,J00125,D:lognormal_from_declared_pairing_rule
8,J00125c1,15.2,J00125,D:lognormal_from_declared_pairing_rule
9,J00125c1,17.6,J00125,D:lognormal_from_declared_pairing_rule
10,J00125c1,19.3,J00125,D:lognormal_from_declared_pairing_rule
11,J00125c1,17.9,J00125,D:lognormal_from_declared_pairing_rule
12,J00125c1,16.5,J00125,D:lognormal_from_declared_pairing_rule
13,J00125c1,18.9,J00125,D:lognormal_from_declared_pairing_rule
14,J00125c1,12.3,J00125,D:lognormal_from_declared_pairing_rule
15,J00125c1,17.9,J00125,D:lognormal_from_declared_pairing_rule
16,J00125c1,23.5,J00125,D:lognormal_from_declared_pairing_rule
17,J00125c1,37.8,J00125,D:lognormal_from_declared_pairing_rule
18,J00125c1,16.3,J00125,D:lognormal_from_declared_pairing_rule
19,J00125c1,37.0,J00125,D:lognormal_from_declared_pairing_rule
20,J00125c1,20.6,J00125,D:lognormal_from_declared_pairing_rule
21,J00125c1,26.7,J00125,D:lognormal_from_declared_pairing_rule
22,J00125c1,12.2,J00125,D:lognormal_from_declared_pairing_rule
23,J00125c1,14.5,J00125,D:lognormal_from_declared_pairing_rule
24,J00125c1,14.1,J00125,D:lognormal_from_declared_pairing_rule
25,J00125c1,17.8,J00125,D:lognormal_from_declared_pairing_rule
26,J00125c1,14.5,J00125,D:lognormal_from_declared_pairing_rule
27,J00125c1,13.9,J00125,D:lognormal_from_declared_pairing_rule
28,J00125c1,19.5,J00125,D:lognormal_from_declared_pairing_rule
29,J00125c1,26.2,J00125,D:lognormal_from_declared_pairing_rule
0,J00127c0,33.7,J00127,D:lognormal_from_declared_pairing_rule
1,J00127c0,32.3,J00127,D:lognormal_from_declared_pairing_rule
2,J00127c0,22.5,J00127,D:lognormal_from_declared_pairing_rule
3,J00127c0,18.3,J00127,D:lognormal_from_declared_pairing_rule
4,J00127c0,16.8,J00127,D:lognormal_from_declared_pairing_rule
5,J00127c0,21.6,J00127,D:lognormal_from_declared_pairing_rule
6,J00127c0,21.5,J00127,D:lognormal_from_declared_pairing_rule
7,J00127c0,20.9,J00127,D:lognormal_from_declared_pairing_rule
8,J00127c0,18.9,J00127,D:lognormal_from_declared_pairing_rule
9,J00127c0,27.8,J00127,D:lognormal_from_declared_pairing_rule
10,J00127c0,22.0,J00127,D:lognormal_from_declared_pairing_rule
11,J00127c0,16.9,J00127,D:lognormal_from_declared_pairing_rule
12,J00127c0,29.4,J00127,D:lognormal_from_declared_pairing_rule
13,J00127c0,33.4,J00127,D:lognormal_from_declared_pairing_rule
14,J00127c0,21.4,J00127,D:lognormal_from_declared_pairing_rule
15,J00127c0,36.9,J00127,D:lognormal_from_declared_pairing_rule
16,J00127c0,32.0,J00127,D:lognormal_from_declared_pairing_rule
17,J00127c0,33.1,J00127,D:lognormal_from_declared_pairing_rule
18,J00127c0,26.2,J00127,D:lognormal_from_declared_pairing_rule
19,J00127c0,20.4,J00127,D:lognormal_from_declared_pairing_rule
20,J00127c0,30.8,J00127,D:lognormal_from_declared_pairing_rule
21,J00127c0,12.5,J00127,D:lognormal_from_declared_pairing_rule
22,J00127c0,26.8,J00127,D:lognormal_from_declared_pairing_rule
23,J00127c0,11.5,J00127,D:lognormal_from_declared_pairing_rule
24,J00127c0,25.8,J00127,D:lognormal_from_declared_pairing_rule
25,J00127c0,23.1,J00127,D:lognormal_from_declared_pairing_rule
26,J00127c0,26.3,J00127,D:lognormal_from_declared_pairing_rule
27,J00127c0,15.6,J00127,D:lognormal_from_declared_pairing_rule
28,J00127c0,28.4,J00127,D:lognormal_from_declared_pairing_rule
29,J00127c0,15.7,J00127,D:lognormal_from_declared_pairing_rule
0,J00127c1,23.8,J00127,D:lognormal_from_declared_pairing_rule
1,J00127c1,10.5,J00127,D:lognormal_from_declared_pairing_rule
2,J00127c1,11.8,J00127,D:lognormal_from_declared_pairing_rule
3,J00127c1,14.5,J00127,D:lognormal_from_declared_pairing_rule
4,J00127c1,16.3,J00127,D:lognormal_from_declared_pairing_rule
5,J00127c1,10.2,J00127,D:lognormal_from_declared_pairing_rule
6,J00127c1,13.9,J00127,D:lognormal_from_declared_pairing_rule
7,J00127c1,19.2,J00127,D:lognormal_from_declared_pairing_rule
8,J00127c1,13.6,J00127,D:lognormal_from_declared_pairing_rule
9,J00127c1,12.2,J00127,D:lognormal_from_declared_pairing_rule
10,J00127c1,11.4,J00127,D:lognormal_from_declared_pairing_rule
11,J00127c1,11.1,J00127,D:lognormal_from_declared_pairing_rule
12,J00127c1,23.8,J00127,D:lognormal_from_declared_pairing_rule
13,J00127c1,12.6,J00127,D:lognormal_from_declared_pairing_rule
14,J00127c1,8.6,J00127,D:lognormal_from_declared_pairing_rule
15,J00127c1,9.8,J00127,D:lognormal_from_declared_pairing_rule
16,J00127c1,12.0,J00127,D:lognormal_from_declared_pairing_rule
17,J00127c1,16.1,J00127,D:lognormal_from_declared_pairing_rule
18,J00127c1,13.2,J00127,D:lognormal_from_declared_pairing_rule
19,J00127c1,18.1,J00127,D:lognormal_from_declared_pairing_rule
20,J00127c1,12.6,J00127,D:lognormal_from_declared_pairing_rule
21,J00127c1,10.2,J00127,D:lognormal_from_declared_pairing_rule
22,J00127c1,15.0,J00127,D:lognormal_from_declared_pairing_rule
23,J00127c1,16.2,J00127,D:lognormal_from_declared_pairing_rule
24,J00127c1,18.1,J00127,D:lognormal_from_declared_pairing_rule
25,J00127c1,10.2,J00127,D:lognormal_from_declared_pairing_rule
26,J00127c1,23.7,J00127,D:lognormal_from_declared_pairing_rule
27,J00127c1,15.6,J00127,D:lognormal_from_declared_pairing_rule
28,J00127c1,14.0,J00127,D:lognormal_from_declared_pairing_rule
29,J00127c1,8.9,J00127,D:lognormal_from_declared_pairing_rule
0,J00129c0,26.3,J00129,D:lognormal_from_declared_pairing_rule
1,J00129c0,31.8,J00129,D:lognormal_from_declared_pairing_rule
2,J00129c0,17.7,J00129,D:lognormal_from_declared_pairing_rule
3,J00129c0,15.4,J00129,D:lognormal_from_declared_pairing_rule
4,J00129c0,19.5,J00129,D:lognormal_from_declared_pairing_rule
5,J00129c0,33.5,J00129,D:lognormal_from_declared_pairing_rule
6,J00129c0,20.7,J00129,D:lognormal_from_declared_pairing_rule
7,J00129c0,32.1,J00129,D:lognormal_from_declared_pairing_rule
8,J00129c0,29.8,J00129,D:lognormal_from_declared_pairing_rule
9,J00129c0,20.2,J00129,D:lognormal_from_declared_pairing_rule
10,J00129c0,36.5,J00129,D:lognormal_from_declared_pairing_rule
11,J00129c0,33.0,J00129,D:lognormal_from_declared_pairing_rule
12,J00129c0,37.5,J00129,D:lognormal_from_declared_pairing_rule
13,J00129c0,13.2,J00129,D:lognormal_from_declared_pairing_rule
14,J00129c0,30.2,J00129,D:lognormal_from_declared_pairing_rule
15,J00129c0,32.2,J00129,D:lognormal_from_declared_pairing_rule
16,J00129c0,24.4,J00129,D:lognormal_from_declared_pairing_rule
17,J00129c0,24.8,J00129,D:lognormal_from_declared_pairing_rule
18,J00129c0,44.5,J00129,D:lognormal_from_declared_pairing_rule
19,J00129c0,32.2,J00129,D:lognormal_from_declared_pairing_rule
20,J00129c0,38.6,J00129,D:lognormal_from_declared_pairing_rule
21,J00129c0,39.8,J00129,D:lognormal_from_declared_pairing_rule
22,J00129c0,14.8,J00129,D:lognormal_from_declared_pairing_rule
23,J00129c0,48.7,J00129,D:lognormal_from_declared_pairing_rule
24,J00129c0,32.0,J00129,D:lognormal_from_declared_pairing_rule
25,J00129c0,33.2,J00129,D:lognormal_from_declared_pairing_rule
26,J00129c0,32.7,J00129,D:lognormal_from_declared_pairing_rule
27,J00129c0,25.5,J00129,D:lognormal_from_declared_pairing_rule
28,J00129c0,23.4,J00129,D:lognormal_from_declared_pairing_rule
29,J00129c0,30.2,J00129,D:lognormal_from_declared_pairing_rule
0,J00129c1,31.9,J00129,D:lognormal_from_declared_pairing_rule
1,J00129c1,13.4,J00129,D:lognormal_from_declared_pairing_rule
2,J00129c1,25.0,J00129,D:lognormal_from_declared_pairing_rule
3,J00129c1,17.2,J00129,D:lognormal_from_declared_pairing_rule
4,J00129c1,31.5,J00129,D:lognormal_from_declared_pairing_rule
5,J00129c1,17.0,J00129,D:lognormal_from_declared_pairing_rule
6,J00129c1,18.3,J00129,D:lognormal_from_declared_pairing_rule
7,J00129c1,11.7,J00129,D:lognormal_from_declared_pairing_rule
8,J00129c1,14.3,J00129,D:lognormal_from_declared_pairing_rule
9,J00129c1,28.9,J00129,D:lognormal_from_declared_pairing_rule
10,J00129c1,14.4,J00129,D:lognormal_from_declared_pairing_rule
11,J00129c1,18.4,J00129,D:lognormal_from_declared_pairing_rule
12,J00129c1,22.9,J00129,D:lognormal_from_declared_pairing_rule
13,J00129c1,23.3,J00129,D:lognormal_from_declared_pairing_rule
14,J00129c1,14.6,J00129,D:lognormal_from_declared_pairing_rule
15,J00129c1,17.0,J00129,D:lognormal_from_declared_pairing_rule
16,J00129c1,28.6,J00129,D:lognormal_from_declared_pairing_rule
17,J00129c1,21.1,J00129,D:lognormal_from_declared_pairing_rule
18,J00129c1,22.5,J00129,D:lognormal_from_declared_pairing_rule
19,J00129c1,23.7,J00129,D:lognormal_from_declared_pairing_rule
20,J00129c1,45.2,J00129,D:lognormal_from_declared_pairing_rule
21,J00129c1,9.1,J00129,D:lognormal_from_declared_pairing_rule
22,J00129c1,17.5,J00129,D:lognormal_from_declared_pairing_rule
23,J00129c1,18.4,J00129,D:lognormal_from_declared_pairing_rule
24,J00129c1,20.8,J00129,D:lognormal_from_declared_pairing_rule
25,J00129c1,19.1,J00129,D:lognormal_from_declared_pairing_rule
26,J00129c1,34.0,J00129,D:lognormal_from_declared_pairing_rule
27,J00129c1,26.3,J00129,D:lognormal_from_declared_pairing_rule
28,J00129c1,20.0,J00129,D:lognormal_from_declared_pairing_rule
29,J00129c1,15.1,J00129,D:lognormal_from_declared_pairing_rule
0,J00139c0,37.0,J00139,D:lognormal_from_declared_pairing_rule
1,J00139c0,22.6,J00139,D:lognormal_from_declared_pairing_rule
2,J00139c0,23.3,J00139,D:lognormal_from_declared_pairing_rule
3,J00139c0,21.8,J00139,D:lognormal_from_declared_pairing_rule
4,J00139c0,23.1,J00139,D:lognormal_from_declared_pairing_rule
5,J00139c0,12.6,J00139,D:lognormal_from_declared_pairing_rule
6,J00139c0,17.8,J00139,D:lognormal_from_declared_pairing_rule
7,J00139c0,27.7,J00139,D:lognormal_from_declared_pairing_rule
8,J00139c0,25.0,J00139,D:lognormal_from_declared_pairing_rule
9,J00139c0,25.5,J00139,D:lognormal_from_declared_pairing_rule
10,J00139c0,16.3,J00139,D:lognormal_from_declared_pairing_rule
11,J00139c0,26.8,J00139,D:lognormal_from_declared_pairing_rule
12,J00139c0,29.7,J00139,D:lognormal_from_declared_pairing_rule
13,J00139c0,38.1,J00139,D:lognormal_from_declared_pairing_rule
14,J00139c0,19.9,J00139,D:lognormal_from_declared_pairing_rule
15,J00139c0,22.6,J00139,D:lognormal_from_declared_pairing_rule
16,J00139c0,17.5,J00139,D:lognormal_from_declared_pairing_rule
17,J00139c0,30.9,J00139,D:lognormal_from_declared_pairing_rule
18,J00139c0,29.7,J00139,D:lognormal_from_declared_pairing_rule
19,J00139c0,37.1,J00139,D:lognormal_from_declared_pairing_rule
20,J00139c0,43.0,J00139,D:lognormal_from_declared_pairing_rule
21,J00139c0,35.3,J00139,D:lognormal_from_declared_pairing_rule
22,J00139c0,35.8,J00139,D:lognormal_from_declared_pairing_rule
23,J00139c0,27.3,J00139,D:lognormal_from_declared_pairing_rule
24,J00139c0,20.9,J00139,D:lognormal_from_declared_pairing_rule
25,J00139c0,37.4,J00139,D:lognormal_from_declared_pairing_rule
26,J00139c0,21.5,J00139,D:lognormal_from_declared_pairing_rule
27,J00139c0,22.2,J00139,D:lognormal_from_declared_pairing_rule
28,J00139c0,27.7,J00139,D:lognormal_from_declared_pairing_rule
29,J00139c0,23.6,J00139,D:lognormal_from_declared_pairing_rule
0,J00139c1,19.1,J00139,D:lognormal_from_declared_pairing_rule
1,J00139c1,11.4,J00139,D:lognormal_from_declared_pairing_rule
2,J00139c1,7.9,J00139,D:lognormal_from_declared_pairing_rule
3,J00139c1,15.1,J00139,D:lognormal_from_declared_pairing_rule
4,J00139c1,14.6,J00139,D:lognormal_from_declared_pairing_rule
5,J00139c1,6.6,J00139,D:lognormal_from_declared_pairing_rule
6,J00139c1,12.0,J00139,D:lognormal_from_declared_pairing_rule
7,J00139c1,14.3,J00139,D:lognormal_from_declared_pairing_rule
8,J00139c1,13.5,J00139,D:lognormal_from_declared_pairing_rule
9,J00139c1,16.1,J00139,D:lognormal_from_declared_pairing_rule
10,J00139c1,9.2,J00139,D:lognormal_from_declared_pairing_rule
11,J00139c1,14.5,J00139,D:lognormal_from_declared_pairing_rule
12,J00139c1,10.4,J00139,D:lognormal_from_declared_pairing_rule
13,J00139c1,16.0,J00139,D:lognormal_from_declared_pairing_rule
14,J00139c1,21.0,J00139,D:lognormal_from_declared_pairing_rule
15,J00139c1,13.6,J00139,D:lognormal_from_declared_pairing_rule
16,J00139c1,20.0,J00139,D:lognormal_from_declared_pairing_rule
17,J00139c1,15.6,J00139,D:lognormal_from_declared_pairing_rule
18,J00139c1,9.4,J00139,D:lognormal_from_declared_pairing_rule
19,J00139c1,16.5,J00139,D:lognormal_from_declared_pairing_rule
20,J00139c1,16.2,J00139,D:lognormal_from_declared_pairing_rule
21,J00139c1,10.6,J00139,D:lognormal_from_declared_pairing_rule
22,J00139c1,12.1,J00139,D:lognormal_from_declared_pairing_rule
23,J00139c1,15.5,J00139,D:lognormal_from_declared_pairing_rule
24,J00139c1,11.4,J00139,D:lognormal_from_declared_pairing_rule
25,J00139c1,14.2,J00139,D:lognormal_from_declared_pairing_rule
26,J00139c1,9.4,J00139,D:lognormal_from_declared_pairing_rule
27,J00139c1,16.8,J00139,D:lognormal_from_declared_pairing_rule
28,J00139c1,9.7,J00139,D:lognormal_from_declared_pairing_rule
29,J00139c1,13.9,J00139,D:lognormal_from_declared_pairing_rule
0,J00140c0,26.4,J00140,D:lognormal_from_declared_pairing_rule
1,J00140c0,29.6,J00140,D:lognormal_from_declared_pairing_rule
2,J00140c0,27.4,J00140,D:lognormal_from_declared_pairing_rule
3,J00140c0,37.8,J00140,D:lognormal_from_declared_pairing_rule
4,J00140c0,27.2,J00140,D:lognormal_from_declared_pairing_rule
5,J00140c0,27.1,J00140,D:lognormal_from_declared_pairing_rule
6,J00140c0,32.2,J00140,D:lognormal_from_declared_pairing_rule
7,J00140c0,13.8,J00140,D:lognormal_from_declared_pairing_rule
8,J00140c0,46.5,J00140,D:lognormal_from_declared_pairing_rule
9,J00140c0,24.1,J00140,D:lognormal_from_declared_pairing_rule
10,J00140c0,43.4,J00140,D:lognormal_from_declared_pairing_rule
11,J00140c0,35.8,J00140,D:lognormal_from_declared_pairing_rule
12,J00140c0,29.0,J00140,D:lognormal_from_declared_pairing_rule
13,J00140c0,23.5,J00140,D:lognormal_from_declared_pairing_rule
14,J00140c0,11.6,J00140,D:lognormal_from_declared_pairing_rule
15,J00140c0,13.6,J00140,D:lognormal_from_declared_pairing_rule
16,J00140c0,17.6,J00140,D:lognormal_from_declared_pairing_rule
17,J00140c0,24.0,J00140,D:lognormal_from_declared_pairing_rule
18,J00140c0,17.1,J00140,D:lognormal_from_declared_pairing_rule
19,J00140c0,35.6,J00140,D:lognormal_from_declared_pairing_rule
20,J00140c0,31.1,J00140,D:lognormal_from_declared_pairing_rule
21,J00140c0,17.2,J00140,D:lognormal_from_declared_pairing_rule
22,J00140c0,23.5,J00140,D:lognormal_from_declared_pairing_rule
23,J00140c0,19.7,J00140,D:lognormal_from_declared_pairing_rule
24,J00140c0,19.7,J00140,D:lognormal_from_declared_pairing_rule
25,J00140c0,18.6,J00140,D:lognormal_from_declared_pairing_rule
26,J00140c0,31.5,J00140,D:lognormal_from_declared_pairing_rule
27,J00140c0,29.0,J00140,D:lognormal_from_declared_pairing_rule
28,J00140c0,16.6,J00140,D:lognormal_from_declared_pairing_rule
29,J00140c0,23.9,J00140,D:lognormal_from_declared_pairing_rule
0,J00140c1,15.2,J00140,D:lognormal_from_declared_pairing_rule
1,J00140c1,11.7,J00140,D:lognormal_from_declared_pairing_rule
2,J00140c1,11.2,J00140,D:lognormal_from_declared_pairing_rule
3,J00140c1,14.3,J00140,D:lognormal_from_declared_pairing_rule
4,J00140c1,16.2,J00140,D:lognormal_from_declared_pairing_rule
5,J00140c1,16.4,J00140,D:lognormal_from_declared_pairing_rule
6,J00140c1,22.8,J00140,D:lognormal_from_declared_pairing_rule
7,J00140c1,13.0,J00140,D:lognormal_from_declared_pairing_rule
8,J00140c1,10.8,J00140,D:lognormal_from_declared_pairing_rule
9,J00140c1,12.0,J00140,D:lognormal_from_declared_pairing_rule
10,J00140c1,14.6,J00140,D:lognormal_from_declared_pairing_rule
11,J00140c1,25.5,J00140,D:lognormal_from_declared_pairing_rule
12,J00140c1,20.9,J00140,D:lognormal_from_declared_pairing_rule
13,J00140c1,21.1,J00140,D:lognormal_from_declared_pairing_rule
14,J00140c1,10.0,J00140,D:lognormal_from_declared_pairing_rule
15,J00140c1,22.5,J00140,D:lognormal_from_declared_pairing_rule
16,J00140c1,18.8,J00140,D:lognormal_from_declared_pairing_rule
17,J00140c1,9.3,J00140,D:lognormal_from_declared_pairing_rule
18,J00140c1,19.2,J00140,D:lognormal_from_declared_pairing_rule
19,J00140c1,12.3,J00140,D:lognormal_from_declared_pairing_rule
20,J00140c1,15.5,J00140,D:lognormal_from_declared_pairing_rule
21,J00140c1,13.4,J00140,D:lognormal_from_declared_pairing_rule
22,J00140c1,25.3,J00140,D:lognormal_from_declared_pairing_rule
23,J00140c1,14.9,J00140,D:lognormal_from_declared_pairing_rule
24,J00140c1,9.8,J00140,D:lognormal_from_declared_pairing_rule
25,J00140c1,15.4,J00140,D:lognormal_from_declared_pairing_rule
26,J00140c1,8.9,J00140,D:lognormal_from_declared_pairing_rule
27,J00140c1,16.0,J00140,D:lognormal_from_declared_pairing_rule
28,J00140c1,20.8,J00140,D:lognormal_from_declared_pairing_rule
29,J00140c1,8.7,J00140,D:lognormal_from_declared_pairing_rule
0,J00148c0,44.2,J00148,D:lognormal_from_declared_pairing_rule
1,J00148c0,17.0,J00148,D:lognormal_from_declared_pairing_rule
2,J00148c0,31.5,J00148,D:lognormal_from_declared_pairing_rule
3,J00148c0,22.9,J00148,D:lognormal_from_declared_pairing_rule
4,J00148c0,23.9,J00148,D:lognormal_from_declared_pairing_rule
5,J00148c0,20.2,J00148,D:lognormal_from_declared_pairing_rule
6,J00148c0,38.6,J00148,D:lognormal_from_declared_pairing_rule
7,J00148c0,33.6,J00148,D:lognormal_from_declared_pairing_rule
8,J00148c0,18.7,J00148,D:lognormal_from_declared_pairing_rule
9,J00148c0,30.0,J00148,D:lognormal_from_declared_pairing_rule
10,J00148c0,22.7,J00148,D:lognormal_from_declared_pairing_rule
11,J00148c0,30.7,J00148,D:lognormal_from_declared_pairing_rule
12,J00148c0,22.3,J00148,D:lognormal_from_declared_pairing_rule
13,J00148c0,29.0,J00148,D:lognormal_from_declared_pairing_rule
14,J00148c0,18.9,J00148,D:lognormal_from_declared_pairing_rule
15,J00148c0,56.7,J00148,D:lognormal_from_declared_pairing_rule
16,J00148c0,34.8,J00148,D:lognormal_from_declared_pairing_rule
17,J00148c0,20.4,J00148,D:lognormal_from_declared_pairing_rule
18,J00148c0,25.6,J00148,D:lognormal_from_declared_pairing_rule
19,J00148c0,19.1,J00148,D:lognormal_from_declared_pairing_rule
20,J00148c0,26.3,J00148,D:lognormal_from_declared_pairing_rule
21,J00148c0,36.9,J00148,D:lognormal_from_declared_pairing_rule
22,J00148c0,20.0,J00148,D:lognormal_from_declared_pairing_rule
23,J00148c0,34.4,J00148,D:lognormal_from_declared_pairing_rule
24,J00148c0,10.7,J00148,D:lognormal_from_declared_pairing_rule
25,J00148c0,24.7,J00148,D:lognormal_from_declared_pairing_rule
26,J00148c0,24.5,J00148,D:lognormal_from_declared_pairing_rule
27,J00148c0,26.1,J00148,D:lognormal_from_declared_pairing_rule
28,J00148c0,17.7,J00148,D:lognormal_from_declared_pairing_rule
29,J00148c0,17.4,J00148,D:lognormal_from_declared_pairing_rule
0,J00148c1,20.0,J00148,D:lognormal_from_declared_pairing_rule
1,J00148c1,17.7,J00148,D:lognormal_from_declared_pairing_rule
2,J00148c1,16.3,J00148,D:lognormal_from_declared_pairing_rule
3,J00148c1,10.9,J00148,D:lognormal_from_declared_pairing_rule
4,J00148c1,9.2,J00148,D:lognormal_from_declared_pairing_rule
5,J00148c1,18.2,J00148,D:lognormal_from_declared_pairing_rule
6,J00148c1,8.5,J00148,D:lognormal_from_declared_pairing_rule
7,J00148c1,25.6,J00148,D:lognormal_from_declared_pairing_rule
8,J00148c1,7.3,J00148,D:lognormal_from_declared_pairing_rule
9,J00148c1,16.5,J00148,D:lognormal_from_declared_pairing_rule
10,J00148c1,13.2,J00148,D:lognormal_from_declared_pairing_rule
11,J00148c1,17.7,J00148,D:lognormal_from_declared_pairing_rule
12,J00148c1,14.6,J00148,D:lognormal_from_declared_pairing_rule
13,J00148c1,12.1,J00148,D:lognormal_from_declared_pairing_rule
14,J00148c1,6.7,J00148,D:lognormal_from_declared_pairing_rule
15,J00148c1,19.1,J00148,D:lognormal_from_declared_pairing_rule
16,J00148c1,32.6,J00148,D:lognormal_from_declared_pairing_rule
17,J00148c1,27.5,J00148,D:lognormal_from_declared_pairing_rule
18,J00148c1,6.6,J00148,D:lognormal_from_declared_pairing_rule
19,J00148c1,11.1,J00148,D:lognormal_from_declared_pairing_rule
20,J00148c1,11.8,J00148,D:lognormal_from_declared_pairing_rule
21,J00148c1,21.2,J00148,D:lognormal_from_declared_pairing_rule
22,J00148c1,17.6,J00148,D:lognormal_from_declared_pairing_rule
23,J00148c1,20.2,J00148,D:lognormal_from_declared_pairing_rule
24,J00148c1,15.9,J00148,D:lognormal_from_declared_pairing_rule
25,J00148c1,8.0,J00148,D:lognormal_from_declared_pairing_rule
26,J00148c1,19.7,J00148,D:lognormal_from_declared_pairing_rule
27,J00148c1,15.6,J00148,D:lognormal_from_declared_pairing_rule
28,J00148c1,15.8,J00148,D:lognormal_from_declared_pairing_rule
29,J00148c1,13.4,J00148,D:lognormal_from_declared_pairing_rule
0,J00149c0,14.1,J00149,D:lognormal_from_declared_pairing_rule
1,J00149c0,15.9,J00149,D:lognormal_from_declared_pairing_rule
2,J00149c0,20.1,J00149,D:lognormal_from_declared_pairing_rule
3,J00149c0,16.7,J00149,D:lognormal_from_declared_pairing_rule
4,J00149c0,26.9,J00149,D:lognormal_from_declared_pairing_rule
5,J00149c0,16.0,J00149,D:lognormal_from_declared_pairing_rule
6,J00149c0,28.0,J00149,D:lognormal_from_declared_pairing_rule
7,J00149c0,13.3,J00149,D:lognormal_from_declared_pairing_rule
8,J00149c0,18.8,J00149,D:lognormal_from_declared_pairing_rule
9,J00149c0,28.0,J00149,D:lognormal_from_declared_pairing_rule
10,J00149c0,14.6,J00149,D:lognormal_from_declared_pairing_rule
11,J00149c0,23.8,J00149,D:lognormal_from_declared_pairing_rule
12,J00149c0,13.9,J00149,D:lognormal_from_declared_pairing_rule
13,J00149c0,23.5,J00149,D:lognormal_from_declared_pairing_rule
14,J00149c0,18.9,J00149,D:lognormal_from_declared_pairing_rule
15,J00149c0,16.5,J00149,D:lognormal_from_declared_pairing_rule
16,J00149c0,15.9,J00149,D:lognormal_from_declared_pairing_rule
17,J00149c0,16.6,J00149,D:lognormal_from_declared_pairing_rule
18,J00149c0,17.8,J00149,D:lognormal_from_declared_pairing_rule
19,J00149c0,13.7,J00149,D:lognormal_from_declared_pairing_rule
20,J00149c0,20.7,J00149,D:lognormal_from_declared_pairing_rule
21,J00149c0,11.1,J00149,D:lognormal_from_declared_pairing_rule
22,J00149c0,20.5,J00149,D:lognormal_from_declared_pairing_rule
23,J00149c0,19.1,J00149,D:lognormal_from_declared_pairing_rule
24,J00149c0,19.2,J00149,D:lognormal_from_declared_pairing_rule
25,J00149c0,25.2,J00149,D:lognormal_from_declared_pairing_rule
26,J00149c0,13.1,J00149,D:lognormal_from_declared_pairing_rule
27,J00149c0,35.2,J00149,D:lognormal_from_declared_pairing_rule
28,J00149c0,19.9,J00149,D:lognormal_from_declared_pairing_rule
29,J00149c0,14.7,J00149,D:lognormal_from_declared_pairing_rule
0,J00150c0,21.0,J00150,D:lognormal_from_declared_pairing_rule
1,J00150c0,24.1,J00150,D:lognormal_from_declared_pairing_rule
2,J00150c0,19.2,J00150,D:lognormal_from_declared_pairing_rule
3,J00150c0,13.8,J00150,D:lognormal_from_declared_pairing_rule
4,J00150c0,20.5,J00150,D:lognormal_from_declared_pairing_rule
5,J00150c0,9.5,J00150,D:lognormal_from_declared_pairing_rule
6,J00150c0,18.2,J00150,D:lognormal_from_declared_pairing_rule
7,J00150c0,13.2,J00150,D:lognormal_from_declared_pairing_rule
8,J00150c0,21.2,J00150,D:lognormal_from_declared_pairing_rule
9,J00150c0,25.1,J00150,D:lognormal_from_declared_pairing_rule
10,J00150c0,40.1,J00150,D:lognormal_from_declared_pairing_rule
11,J00150c0,24.8,J00150,D:lognormal_from_declared_pairing_rule
12,J00150c0,14.5,J00150,D:lognormal_from_declared_pairing_rule
13,J00150c0,12.7,J00150,D:lognormal_from_declared_pairing_rule
14,J00150c0,24.3,J00150,D:lognormal_from_declared_pairing_rule
15,J00150c0,23.7,J00150,D:lognormal_from_declared_pairing_rule
16,J00150c0,21.6,J00150,D:lognormal_from_declared_pairing_rule
17,J00150c0,15.9,J00150,D:lognormal_from_declared_pairing_rule
18,J00150c0,33.9,J00150,D:lognormal_from_declared_pairing_rule
19,J00150c0,16.2,J00150,D:lognormal_from_declared_pairing_rule
20,J00150c0,23.7,J00150,D:lognormal_from_declared_pairing_rule
21,J00150c0,24.3,J00150,D:lognormal_from_declared_pairing_rule
22,J00150c0,16.5,J00150,D:lognormal_from_declared_pairing_rule
23,J00150c0,18.8,J00150,D:lognormal_from_declared_pairing_rule
24,J00150c0,16.8,J00150,D:lognormal_from_declared_pairing_rule
25,J00150c0,24.1,J00150,D:lognormal_from_declared_pairing_rule
26,J00150c0,16.2,J00150,D:lognormal_from_declared_pairing_rule
27,J00150c0,20.4,J00150,D:lognormal_from_declared_pairing_rule
28,J00150c0,19.1,J00150,D:lognormal_from_declared_pairing_rule
29,J00150c0,19.6,J00150,D:lognormal_from_declared_pairing_rule
0,J00161c0,14.4,J00161,D:lognormal_from_declared_pairing_rule
1,J00161c0,34.4,J00161,D:lognormal_from_declared_pairing_rule
2,J00161c0,22.7,J00161,D:lognormal_from_declared_pairing_rule
3,J00161c0,26.5,J00161,D:lognormal_from_declared_pairing_rule
4,J00161c0,27.8,J00161,D:lognormal_from_declared_pairing_rule
5,J00161c0,18.4,J00161,D:lognormal_from_declared_pairing_rule
6,J00161c0,18.9,J00161,D:lognormal_from_declared_pairing_rule
7,J00161c0,32.9,J00161,D:lognormal_from_declared_pairing_rule
8,J00161c0,27.6,J00161,D:lognormal_from_declared_pairing_rule
9,J00161c0,12.5,J00161,D:lognormal_from_declared_pairing_rule
10,J00161c0,22.2,J00161,D:lognormal_from_declared_pairing_rule
11,J00161c0,22.9,J00161,D:lognormal_from_declared_pairing_rule
12,J00161c0,18.6,J00161,D:lognormal_from_declared_pairing_rule
13,J00161c0,31.0,J00161,D:lognormal_from_declared_pairing_rule
14,J00161c0,14.5,J00161,D:lognormal_from_declared_pairing_rule
15,J00161c0,17.5,J00161,D:lognormal_from_declared_pairing_rule
16,J00161c0,20.5,J00161,D:lognormal_from_declared_pairing_rule
17,J00161c0,35.6,J00161,D:lognormal_from_declared_pairing_rule
18,J00161c0,20.2,J00161,D:lognormal_from_declared_pairing_rule
19,J00161c0,22.5,J00161,D:lognormal_from_declared_pairing_rule
20,J00161c0,32.8,J00161,D:lognormal_from_declared_pairing_rule
21,J00161c0,24.3,J00161,D:lognormal_from_declared_pairing_rule
22,J00161c0,16.0,J00161,D:lognormal_from_declared_pairing_rule
23,J00161c0,22.4,J00161,D:lognormal_from_declared_pairing_rule
24,J00161c0,16.6,J00161,D:lognormal_from_declared_pairing_rule
25,J00161c0,24.8,J00161,D:lognormal_from_declared_pairing_rule
26,J00161c0,25.9,J00161,D:lognormal_from_declared_pairing_rule
27,J00161c0,26.2,J00161,D:lognormal_from_declared_pairing_rule
28,J00161c0,28.4,J00161,D:lognormal_from_declared_pairing_rule
29,J00161c0,22.6,J00161,D:lognormal_from_declared_pairing_rule
0,J00161c1,20.9,J00161,D:lognormal_from_declared_pairing_rule
1,J00161c1,12.1,J00161,D:lognormal_from_declared_pairing_rule
2,J00161c1,17.4,J00161,D:lognormal_from_declared_pairing_rule
3,J00161c1,21.7,J00161,D:lognormal_from_declared_pairing_rule
4,J00161c1,19.6,J00161,D:lognormal_from_declared_pairing_rule
5,J00161c1,8.3,J00161,D:lognormal_from_declared_pairing_rule
6,J00161c1,8.5,J00161,D:lognormal_from_declared_pairing_rule
7,J00161c1,9.9,J00161,D:lognormal_from_declared_pairing_rule
8,J00161c1,11.9,J00161,D:lognormal_from_declared_pairing_rule
9,J00161c1,10.0,J00161,D:lognormal_from_declared_pairing_rule
10,J00161c1,14.4,J00161,D:lognormal_from_declared_pairing_rule
11,J00161c1,11.4,J00161,D:lognormal_from_declared_pairing_rule
12,J00161c1,14.4,J00161,D:lognormal_from_declared_pairing_rule
13,J00161c1,18.4,J00161,D:lognormal_from_declared_pairing_rule
14,J00161c1,16.2,J00161,D:lognormal_from_declared_pairing_rule
15,J00161c1,13.6,J00161,D:lognormal_from_declared_pairing_rule
16,J00161c1,14.0,J00161,D:lognormal_from_declared_pairing_rule
17,J00161c1,22.7,J00161,D:lognormal_from_declared_pairing_rule
18,J00161c1,12.2,J00161,D:lognormal_from_declared_pairing_rule
19,J00161c1,18.9,J00161,D:lognormal_from_declared_pairing_rule
20,J00161c1,8.9,J00161,D:lognormal_from_declared_pairing_rule
21,J00161c1,18.4,J00161,D:lognormal_from_declared_pairing_rule
22,J00161c1,10.1,J00161,D:lognormal_from_declared_pairing_rule
23,J00161c1,20.4,J00161,D:lognormal_from_declared_pairing_rule
24,J00161c1,21.3,J00161,D:lognormal_from_declared_pairing_rule
25,J00161c1,15.3,J00161,D:lognormal_from_declared_pairing_rule
26,J00161c1,21.6,J00161,D:lognormal_from_declared_pairing_rule
27,J00161c1,9.7,J00161,D:lognormal_from_declared_pairing_rule
28,J00161c1,15.7,J00161,D:lognormal_from_declared_pairing_rule
29,J00161c1,17.6,J00161,D:lognormal_from_declared_pairing_rule
