train_number,train_class,from_code,to_code,direction,enter_min,is_synthetic
56839,PASSENGER,JTJ,TPT,DN,920,False
56839,PASSENGER,TPT,KEY,DN,930,False
56839,PASSENGER,KEY,KNNT,DN,944,False
56839,PASSENGER,KNNT,SLY,DN,949,False
56839,PASSENGER,SLY,DST,DN,955,False
56839,PASSENGER,DST,DPI,DN,964,False
56839,PASSENGER,DPI,MAP,DN,973,False
56839,PASSENGER,MAP,TNGR,DN,982,False
56839,PASSENGER,TNGR,BDY,DN,989,False
56839,PASSENGER,BDY,BQI,DN,996,False
56839,PASSENGER,BQI,LCR,DN,1006,False
56839,PASSENGER,LCR,DSPT,DN,1015,False
56839,PASSENGER,DSPT,TNT,DN,1025,False
56839,PASSENGER,TNT,KPPR,DN,1032,False
56839,PASSENGER,KPPR,MGSJ,DN,1042,False
56839,PASSENGER,MGSJ,SA,DN,1057,False
56839,PASSENGER,SA,NEA,DN,1075,False
56839,PASSENGER,NEA,VRPD,DN,1081,False
56839,PASSENGER,VRPD,DC,DN,1086,False
56839,PASSENGER,DC,MVPM,DN,1100,False
56839,PASSENGER,MVPM,SGE,DN,1115,False
56839,PASSENGER,SGE,ANU,DN,1124,False
56839,PASSENGER,ANU,CV,DN,1135,False
56839,PASSENGER,CV,ED,DN,1145,False
16381,EXPRESS,JTJ,TPT,DN,1170,False
16381,EXPRESS,TPT,KEY,DN,1176,False
16381,EXPRESS,KEY,KNNT,DN,1184,False
16381,EXPRESS,KNNT,SLY,DN,1188,False
16381,EXPRESS,SLY,DST,DN,1193,False
16381,EXPRESS,DST,DPI,DN,1200,False
16381,EXPRESS,DPI,MAP,DN,1206,False
16381,EXPRESS,MAP,TNGR,DN,1211,False
16381,EXPRESS,TNGR,BDY,DN,1216,False
16381,EXPRESS,BDY,BQI,DN,1221,False
16381,EXPRESS,BQI,LCR,DN,1228,False
16381,EXPRESS,LCR,DSPT,DN,1236,False
16381,EXPRESS,DSPT,TNT,DN,1243,False
16381,EXPRESS,TNT,KPPR,DN,1249,False
16381,EXPRESS,KPPR,MGSJ,DN,1256,False
16381,EXPRESS,MGSJ,SA,DN,1259,False
16381,EXPRESS,SA,NEA,DN,1265,False
16381,EXPRESS,NEA,VRPD,DN,1272,False
16381,EXPRESS,VRPD,DC,DN,1275,False
16381,EXPRESS,DC,MVPM,DN,1286,False
16381,EXPRESS,MVPM,SGE,DN,1298,False
16381,EXPRESS,SGE,ANU,DN,1303,False
16381,EXPRESS,ANU,CV,DN,1311,False
16381,EXPRESS,CV,ED,DN,1320,False
16670,EXPRESS,CV,ED,UP,1260,False
16670,EXPRESS,ANU,CV,UP,1266,False
16670,EXPRESS,SGE,ANU,UP,1277,False
16670,EXPRESS,MVPM,SGE,UP,1285,False
16670,EXPRESS,DC,MVPM,UP,1289,False
16670,EXPRESS,VRPD,DC,UP,1298,False
16670,EXPRESS,NEA,VRPD,UP,1306,False
16670,EXPRESS,SA,NEA,UP,1308,False
16670,EXPRESS,MGSJ,SA,UP,1320,False
16670,EXPRESS,KPPR,MGSJ,UP,1323,False
16670,EXPRESS,TNT,KPPR,UP,1325,False
16670,EXPRESS,DSPT,TNT,UP,1333,False
16670,EXPRESS,LCR,DSPT,UP,1339,False
16670,EXPRESS,BQI,LCR,UP,1346,False
16670,EXPRESS,BDY,BQI,UP,1355,False
16670,EXPRESS,TNGR,BDY,UP,1365,False
16670,EXPRESS,MAP,TNGR,UP,1369,False
16670,EXPRESS,DPI,MAP,UP,1375,False
16670,EXPRESS,DST,DPI,UP,1382,False
16670,EXPRESS,SLY,DST,UP,1391,False
16670,EXPRESS,KNNT,SLY,UP,1400,False
16670,EXPRESS,KEY,KNNT,UP,1407,False
16670,EXPRESS,TPT,KEY,UP,1413,False
16670,EXPRESS,JTJ,TPT,UP,1425,False
16321,EXPRESS,JTJ,TPT,DN,1282,False
16321,EXPRESS,TPT,KEY,DN,1295,False
16321,EXPRESS,KEY,KNNT,DN,1304,False
16321,EXPRESS,KNNT,SLY,DN,1309,False
16321,EXPRESS,SLY,DST,DN,1314,False
16321,EXPRESS,DST,DPI,DN,1320,False
16321,EXPRESS,DPI,MAP,DN,1327,False
16321,EXPRESS,MAP,TNGR,DN,1333,False
16321,EXPRESS,TNGR,BDY,DN,1338,False
16321,EXPRESS,BDY,BQI,DN,1343,False
16321,EXPRESS,BQI,LCR,DN,1351,False
16321,EXPRESS,LCR,DSPT,DN,1359,False
16321,EXPRESS,DSPT,TNT,DN,1366,False
16321,EXPRESS,TNT,KPPR,DN,1372,False
16321,EXPRESS,KPPR,MGSJ,DN,1380,False
16321,EXPRESS,MGSJ,SA,DN,1382,False
16321,EXPRESS,SA,NEA,DN,1390,False
16321,EXPRESS,NEA,VRPD,DN,1397,False
16321,EXPRESS,VRPD,DC,DN,1399,False
16321,EXPRESS,DC,MVPM,DN,1409,False
16321,EXPRESS,MVPM,SGE,DN,1420,False
16321,EXPRESS,SGE,ANU,DN,1424,False
16321,EXPRESS,ANU,CV,DN,1431,False
16321,EXPRESS,CV,ED,DN,0,False
19568,EXPRESS,JTJ,TPT,DN,1216,False
19568,EXPRESS,TPT,MOLK,DN,1224,False
19568,EXPRESS,KEY,KNNT,DN,1237,False
19568,EXPRESS,KNNT,SLY,DN,1244,False
19568,EXPRESS,SLY,DST,DN,1251,False
19568,EXPRESS,DST,DPI,DN,1261,False
19568,EXPRESS,DPI,MAP,DN,1270,False
19568,EXPRESS,MAP,TNGR,DN,1279,False
19568,EXPRESS,TNGR,BDY,DN,1286,False
19568,EXPRESS,BDY,BQI,DN,1293,False
19568,EXPRESS,BQI,LCR,DN,1305,False
19568,EXPRESS,LCR,DSPT,DN,1316,False
19568,EXPRESS,DSPT,TNT,DN,1327,False
19568,EXPRESS,TNT,KPPR,DN,1335,False
19568,EXPRESS,KPPR,MGSJ,DN,1347,False
19568,EXPRESS,MGSJ,SA,DN,1350,False
19568,EXPRESS,SA,NEA,DN,1360,False
19568,EXPRESS,NEA,VRPD,DN,1368,False
19568,EXPRESS,VRPD,DVBH,DN,1372,False
19568,EXPRESS,DC,MVPM,DN,1384,False
19568,EXPRESS,MVPM,SGE,DN,1398,False
19568,EXPRESS,SGE,ANU,DN,1404,False
19568,EXPRESS,ANU,CV,DN,1413,False
19568,EXPRESS,CV,ED,DN,1425,False
16787,EXPRESS,CV,ED,UP,185,False
16787,EXPRESS,ANU,CV,UP,189,False
16787,EXPRESS,SGE,ANU,UP,198,False
16787,EXPRESS,MVPM,SGE,UP,205,False
16787,EXPRESS,DC,MVPM,UP,210,False
16787,EXPRESS,DVBH,DC,UP,220,False
16787,EXPRESS,NEA,VRPD,UP,230,False
16787,EXPRESS,SA,NEA,UP,232,False
16787,EXPRESS,MGSJ,SA,UP,245,False
16787,EXPRESS,KPPR,MGSJ,UP,248,False
16787,EXPRESS,TNT,KPPR,UP,251,False
16787,EXPRESS,DSPT,TNT,UP,260,False
16787,EXPRESS,LCR,DSPT,UP,267,False
16787,EXPRESS,BQI,LCR,UP,275,False
16787,EXPRESS,BDY,BQI,UP,284,False
16787,EXPRESS,TNGR,BDY,UP,294,False
16787,EXPRESS,MAP,TNGR,UP,299,False
16787,EXPRESS,DPI,MAP,UP,305,False
16787,EXPRESS,DST,DPI,UP,312,False
16787,EXPRESS,SLY,DST,UP,319,False
16787,EXPRESS,KNNT,SLY,UP,327,False
16787,EXPRESS,KEY,KNNT,UP,333,False
16787,EXPRESS,MOLK,KEY,UP,338,False
16787,EXPRESS,JTJ,TPT,UP,348,False
12516,EXPRESS,JTJ,TPT,DN,510,False
12516,EXPRESS,TPT,MOLK,DN,515,False
12516,EXPRESS,KEY,KNNT,DN,522,False
12516,EXPRESS,KNNT,SLY,DN,526,False
12516,EXPRESS,SLY,DST,DN,531,False
12516,EXPRESS,DST,DPI,DN,536,False
12516,EXPRESS,DPI,MAP,DN,542,False
12516,EXPRESS,MAP,TNGR,DN,547,False
12516,EXPRESS,TNGR,BDY,DN,551,False
12516,EXPRESS,BDY,BQI,DN,555,False
12516,EXPRESS,BQI,LCR,DN,562,False
12516,EXPRESS,LCR,DSPT,DN,569,False
12516,EXPRESS,DSPT,TNT,DN,575,False
12516,EXPRESS,TNT,KPPR,DN,580,False
12516,EXPRESS,KPPR,MGSJ,DN,587,False
12516,EXPRESS,MGSJ,SA,DN,589,False
12516,EXPRESS,SA,NEA,DN,595,False
12516,EXPRESS,NEA,VRPD,DN,603,False
12516,EXPRESS,VRPD,DVBH,DN,607,False
12516,EXPRESS,DC,MVPM,DN,619,False
12516,EXPRESS,MVPM,SGE,DN,633,False
12516,EXPRESS,SGE,ANU,DN,639,False
12516,EXPRESS,ANU,CV,DN,648,False
12516,EXPRESS,CV,ED,DN,660,False
17229,EXPRESS,CV,ED,UP,1110,False
17229,EXPRESS,ANU,CV,UP,1114,False
17229,EXPRESS,SGE,ANU,UP,1124,False
17229,EXPRESS,MVPM,SGE,UP,1131,False
17229,EXPRESS,DC,MVPM,UP,1135,False
17229,EXPRESS,VRPD,DC,UP,1146,False
17229,EXPRESS,NEA,VRPD,UP,1156,False
17229,EXPRESS,SA,NEA,UP,1159,False
17229,EXPRESS,MGSJ,SA,UP,1170,False
17229,EXPRESS,KPPR,MGSJ,UP,1172,False
17229,EXPRESS,TNT,KPPR,UP,1174,False
17229,EXPRESS,DSPT,TNT,UP,1181,False
17229,EXPRESS,LCR,DSPT,UP,1185,False
17229,EXPRESS,BQI,LCR,UP,1192,False
17229,EXPRESS,BDY,BQI,UP,1198,False
17229,EXPRESS,TNGR,BDY,UP,1205,False
17229,EXPRESS,MAP,TNGR,UP,1209,False
17229,EXPRESS,DPI,MAP,UP,1215,False
17229,EXPRESS,DST,DPI,UP,1224,False
17229,EXPRESS,SLY,DST,UP,1234,False
17229,EXPRESS,KNNT,SLY,UP,1244,False
17229,EXPRESS,KEY,KNNT,UP,1252,False
17229,EXPRESS,TPT,KEY,UP,1259,False
17229,EXPRESS,JTJ,TPT,UP,1272,False
12970,EXPRESS,JTJ,TPT,DN,800,False
12970,EXPRESS,TPT,KEY,DN,806,False
12970,EXPRESS,KEY,KNNT,DN,814,False
12970,EXPRESS,KNNT,SLY,DN,818,False
12970,EXPRESS,SLY,DST,DN,823,False
12970,EXPRESS,DST,DPI,DN,830,False
12970,EXPRESS,DPI,MAP,DN,836,False
12970,EXPRESS,MAP,TNGR,DN,841,False
12970,EXPRESS,TNGR,BDY,DN,846,False
12970,EXPRESS,BDY,BQI,DN,851,False
12970,EXPRESS,BQI,LCR,DN,858,False
12970,EXPRESS,LCR,DSPT,DN,866,False
12970,EXPRESS,DSPT,TNT,DN,873,False
12970,EXPRESS,TNT,KPPR,DN,879,False
12970,EXPRESS,KPPR,MGSJ,DN,886,False
12970,EXPRESS,MGSJ,SA,DN,889,False
12970,EXPRESS,SA,NEA,DN,895,False
12970,EXPRESS,NEA,VRPD,DN,901,False
12970,EXPRESS,VRPD,DC,DN,904,False
12970,EXPRESS,DC,MVPM,DN,914,False
12970,EXPRESS,MVPM,SGE,DN,925,False
12970,EXPRESS,SGE,ANU,DN,929,False
12970,EXPRESS,ANU,CV,DN,936,False
12970,EXPRESS,CV,ED,DN,945,False
12511,EXPRESS,JTJ,TPT,DN,200,False
12511,EXPRESS,TPT,KEY,DN,205,False
12511,EXPRESS,KEY,KNNT,DN,213,False
12511,EXPRESS,KNNT,SLY,DN,217,False
12511,EXPRESS,SLY,DST,DN,222,False
12511,EXPRESS,DST,DPI,DN,228,False
12511,EXPRESS,DPI,MAP,DN,234,False
12511,EXPRESS,MAP,TNGR,DN,239,False
12511,EXPRESS,TNGR,BDY,DN,243,False
12511,EXPRESS,BDY,BQI,DN,248,False
12511,EXPRESS,BQI,LCR,DN,255,False
12511,EXPRESS,LCR,DSPT,DN,262,False
12511,EXPRESS,DSPT,TNT,DN,269,False
12511,EXPRESS,TNT,KPPR,DN,274,False
12511,EXPRESS,KPPR,MGSJ,DN,281,False
12511,EXPRESS,MGSJ,SA,DN,284,False
12511,EXPRESS,SA,NEA,DN,290,False
12511,EXPRESS,NEA,VRPD,DN,299,False
12511,EXPRESS,VRPD,DC,DN,302,False
12511,EXPRESS,DC,MVPM,DN,315,False
12511,EXPRESS,MVPM,SGE,DN,331,False
12511,EXPRESS,SGE,ANU,DN,337,False
12511,EXPRESS,ANU,CV,DN,346,False
12511,EXPRESS,CV,ED,DN,358,False
12625,EXPRESS,CV,ED,UP,1320,False
12625,EXPRESS,ANU,CV,UP,1324,False
12625,EXPRESS,SGE,ANU,UP,1334,False
12625,EXPRESS,MVPM,SGE,UP,1341,False
12625,EXPRESS,DC,MVPM,UP,1345,False
12625,EXPRESS,VRPD,DC,UP,1356,False
12625,EXPRESS,NEA,VRPD,UP,1366,False
12625,EXPRESS,SA,NEA,UP,1369,False
12625,EXPRESS,MGSJ,SA,UP,1380,False
12625,EXPRESS,KPPR,MGSJ,UP,1383,False
12625,EXPRESS,TNT,KPPR,UP,1385,False
12625,EXPRESS,DSPT,TNT,UP,1394,False
12625,EXPRESS,LCR,DSPT,UP,1400,False
12625,EXPRESS,BQI,LCR,UP,1408,False
12625,EXPRESS,BDY,BQI,UP,1416,False
12625,EXPRESS,TNGR,BDY,UP,1425,False
12625,EXPRESS,MAP,TNGR,UP,1430,False
12625,EXPRESS,DPI,MAP,UP,1435,False
12625,EXPRESS,DST,DPI,UP,1,False
12625,EXPRESS,SLY,DST,UP,8,False
12625,EXPRESS,KNNT,SLY,UP,15,False
12625,EXPRESS,KEY,KNNT,UP,21,False
12625,EXPRESS,TPT,KEY,UP,26,False
12625,EXPRESS,JTJ,TPT,UP,35,False
12601,MAIL,JTJ,TPT,DN,1412,False
12601,MAIL,TPT,KEY,DN,1418,False
12601,MAIL,KEY,KNNT,DN,1426,False
12601,MAIL,KNNT,SLY,DN,1431,False
12601,MAIL,SLY,DST,DN,1436,False
12601,MAIL,DST,DPI,DN,3,False
12601,MAIL,DPI,MAP,DN,9,False
12601,MAIL,MAP,TNGR,DN,15,False
12601,MAIL,TNGR,BDY,DN,20,False
12601,MAIL,BDY,BQI,DN,25,False
12601,MAIL,BQI,LCR,DN,32,False
12601,MAIL,LCR,DSPT,DN,40,False
12601,MAIL,DSPT,TNT,DN,48,False
12601,MAIL,TNT,KPPR,DN,53,False
12601,MAIL,KPPR,MGSJ,DN,61,False
12601,MAIL,MGSJ,SA,DN,64,False
12601,MAIL,SA,NEA,DN,70,False
12601,MAIL,NEA,VRPD,DN,77,False
12601,MAIL,VRPD,DC,DN,79,False
12601,MAIL,DC,MVPM,DN,89,False
12601,MAIL,MVPM,SGE,DN,100,False
12601,MAIL,SGE,ANU,DN,105,False
12601,MAIL,ANU,CV,DN,112,False
12601,MAIL,CV,ED,DN,121,False
16627,EXPRESS,JTJ,TPT,DN,890,False
16627,EXPRESS,TPT,KEY,DN,905,False
16627,EXPRESS,KEY,KNNT,DN,913,False
16627,EXPRESS,KNNT,SLY,DN,917,False
16627,EXPRESS,SLY,DST,DN,922,False
16627,EXPRESS,DST,DPI,DN,928,False
16627,EXPRESS,DPI,MAP,DN,933,False
16627,EXPRESS,MAP,TNGR,DN,940,False
16627,EXPRESS,TNGR,BDY,DN,945,False
16627,EXPRESS,BDY,BQI,DN,950,False
16627,EXPRESS,BQI,LCR,DN,960,False
16627,EXPRESS,LCR,DSPT,DN,969,False
16627,EXPRESS,DSPT,TNT,DN,978,False
16627,EXPRESS,TNT,KPPR,DN,984,False
16627,EXPRESS,KPPR,MGSJ,DN,994,False
16627,EXPRESS,MGSJ,SA,DN,997,False
16627,EXPRESS,SA,NEA,DN,1005,False
16627,EXPRESS,NEA,VRPD,DN,1011,False
16627,EXPRESS,VRPD,DC,DN,1013,False
16627,EXPRESS,DC,MVPM,DN,1022,False
16627,EXPRESS,MVPM,SGE,DN,1032,False
16627,EXPRESS,SGE,ANU,DN,1040,False
16627,EXPRESS,ANU,CV,DN,1055,False
16627,EXPRESS,CV,ED,DN,1075,False
12758,SUPERFAST,CV,ED,UP,450,False
12758,SUPERFAST,ANU,CV,UP,454,False
12758,SUPERFAST,SGE,ANU,UP,463,False
12758,SUPERFAST,MVPM,SGE,UP,470,False
12758,SUPERFAST,DC,MVPM,UP,475,False
12758,SUPERFAST,VRPD,DC,UP,486,False
12758,SUPERFAST,NEA,VRPD,UP,495,False
12758,SUPERFAST,SA,NEA,UP,498,False
12758,SUPERFAST,MGSJ,SA,UP,510,False
12758,SUPERFAST,KPPR,MGSJ,UP,513,False
12758,SUPERFAST,TNT,KPPR,UP,515,False
12758,SUPERFAST,DSPT,TNT,UP,524,False
12758,SUPERFAST,LCR,DSPT,UP,530,False
12758,SUPERFAST,BQI,LCR,UP,538,False
12758,SUPERFAST,BDY,BQI,UP,546,False
12758,SUPERFAST,TNGR,BDY,UP,555,False
12758,SUPERFAST,MAP,TNGR,UP,560,False
12758,SUPERFAST,DPI,MAP,UP,565,False
12758,SUPERFAST,DST,DPI,UP,572,False
12758,SUPERFAST,SLY,DST,UP,579,False
12758,SUPERFAST,KNNT,SLY,UP,586,False
12758,SUPERFAST,KEY,KNNT,UP,591,False
12758,SUPERFAST,TPT,KEY,UP,596,False
12758,SUPERFAST,JTJ,TPT,UP,605,False
17230,EXPRESS,JTJ,TPT,DN,230,False
17230,EXPRESS,TPT,KEY,DN,235,False
17230,EXPRESS,KEY,KNNT,DN,243,False
17230,EXPRESS,KNNT,SLY,DN,248,False
17230,EXPRESS,SLY,DST,DN,252,False
17230,EXPRESS,DST,DPI,DN,259,False
17230,EXPRESS,DPI,MAP,DN,265,False
17230,EXPRESS,MAP,TNGR,DN,270,False
17230,EXPRESS,TNGR,BDY,DN,275,False
17230,EXPRESS,BDY,BQI,DN,281,False
17230,EXPRESS,BQI,LCR,DN,289,False
17230,EXPRESS,LCR,DSPT,DN,298,False
17230,EXPRESS,DSPT,TNT,DN,305,False
17230,EXPRESS,TNT,KPPR,DN,311,False
17230,EXPRESS,KPPR,MGSJ,DN,320,False
17230,EXPRESS,MGSJ,SA,DN,323,False
17230,EXPRESS,SA,NEA,DN,330,False
17230,EXPRESS,NEA,VRPD,DN,338,False
17230,EXPRESS,VRPD,DC,DN,341,False
17230,EXPRESS,DC,MVPM,DN,352,False
17230,EXPRESS,MVPM,SGE,DN,366,False
17230,EXPRESS,SGE,ANU,DN,371,False
17230,EXPRESS,ANU,CV,DN,379,False
17230,EXPRESS,CV,ED,DN,390,False
06012,SUPERFAST,CV,ED,UP,1285,False
06012,SUPERFAST,ANU,CV,UP,1289,False
06012,SUPERFAST,SGE,ANU,UP,1298,False
06012,SUPERFAST,MVPM,SGE,UP,1305,False
06012,SUPERFAST,DC,MVPM,UP,1310,False
06012,SUPERFAST,VRPD,DC,UP,1320,False
06012,SUPERFAST,NEA,VRPD,UP,1330,False
06012,SUPERFAST,SA,NEA,UP,1332,False
06012,SUPERFAST,MGSJ,SA,UP,1345,False
06012,SUPERFAST,KPPR,MGSJ,UP,1347,False
06012,SUPERFAST,TNT,KPPR,UP,1350,False
06012,SUPERFAST,DSPT,TNT,UP,1357,False
06012,SUPERFAST,LCR,DSPT,UP,1362,False
06012,SUPERFAST,BQI,LCR,UP,1369,False
06012,SUPERFAST,BDY,BQI,UP,1377,False
06012,SUPERFAST,TNGR,BDY,UP,1384,False
06012,SUPERFAST,MAP,TNGR,UP,1389,False
06012,SUPERFAST,DPI,MAP,UP,1393,False
06012,SUPERFAST,DST,DPI,UP,1398,False
06012,SUPERFAST,SLY,DST,UP,1404,False
06012,SUPERFAST,KNNT,SLY,UP,1411,False
06012,SUPERFAST,KEY,KNNT,UP,1415,False
06012,SUPERFAST,TPT,KEY,UP,1420,False
06012,SUPERFAST,JTJ,TPT,UP,1428,False
16322,EXPRESS,CV,ED,UP,160,False
16322,EXPRESS,ANU,CV,UP,164,False
16322,EXPRESS,SGE,ANU,UP,173,False
16322,EXPRESS,MVPM,SGE,UP,180,False
16322,EXPRESS,DC,MVPM,UP,185,False
16322,EXPRESS,VRPD,DC,UP,196,False
16322,EXPRESS,NEA,VRPD,UP,205,False
16322,EXPRESS,SA,NEA,UP,208,False
16322,EXPRESS,MGSJ,SA,UP,220,False
16322,EXPRESS,KPPR,MGSJ,UP,222,False
16322,EXPRESS,TNT,KPPR,UP,225,False
16322,EXPRESS,DSPT,TNT,UP,232,False
16322,EXPRESS,LCR,DSPT,UP,238,False
16322,EXPRESS,BQI,LCR,UP,245,False
16322,EXPRESS,BDY,BQI,UP,252,False
16322,EXPRESS,TNGR,BDY,UP,260,False
16322,EXPRESS,MAP,TNGR,UP,264,False
16322,EXPRESS,DPI,MAP,UP,269,False
16322,EXPRESS,DST,DPI,UP,275,False
16322,EXPRESS,SLY,DST,UP,281,False
16322,EXPRESS,KNNT,SLY,UP,287,False
16322,EXPRESS,KEY,KNNT,UP,292,False
16322,EXPRESS,TPT,KEY,UP,296,False
16322,EXPRESS,JTJ,TPT,UP,305,False
12679,EXPRESS,JTJ,TPT,DN,1055,False
12679,EXPRESS,TPT,KEY,DN,1060,False
12679,EXPRESS,KEY,KNNT,DN,1068,False
12679,EXPRESS,KNNT,SLY,DN,1073,False
12679,EXPRESS,SLY,DST,DN,1077,False
12679,EXPRESS,DST,DPI,DN,1084,False
12679,EXPRESS,DPI,MAP,DN,1090,False
12679,EXPRESS,MAP,TNGR,DN,1095,False
12679,EXPRESS,TNGR,BDY,DN,1100,False
12679,EXPRESS,BDY,BQI,DN,1106,False
12679,EXPRESS,BQI,LCR,DN,1115,False
12679,EXPRESS,LCR,DSPT,DN,1125,False
12679,EXPRESS,DSPT,TNT,DN,1134,False
12679,EXPRESS,TNT,KPPR,DN,1141,False
12679,EXPRESS,KPPR,MGSJ,DN,1150,False
12679,EXPRESS,MGSJ,SA,DN,1153,False
12679,EXPRESS,SA,NEA,DN,1160,False
12679,EXPRESS,NEA,VRPD,DN,1167,False
12679,EXPRESS,VRPD,DC,DN,1170,False
12679,EXPRESS,DC,MVPM,DN,1181,False
12679,EXPRESS,MVPM,SGE,DN,1193,False
12679,EXPRESS,SGE,ANU,DN,1198,False
12679,EXPRESS,ANU,CV,DN,1206,False
12679,EXPRESS,CV,ED,DN,1215,False
06621,SUPERFAST,CV,ED,UP,450,False
06621,SUPERFAST,ANU,CV,UP,454,False
06621,SUPERFAST,SGE,ANU,UP,463,False
06621,SUPERFAST,MVPM,SGE,UP,470,False
06621,SUPERFAST,DC,MVPM,UP,475,False
06621,SUPERFAST,VRPD,DC,UP,486,False
06621,SUPERFAST,NEA,VRPD,UP,495,False
06621,SUPERFAST,SA,NEA,UP,498,False
06621,SUPERFAST,MGSJ,SA,UP,510,False
06621,SUPERFAST,KPPR,MGSJ,UP,512,False
06621,SUPERFAST,TNT,KPPR,UP,515,False
06621,SUPERFAST,DSPT,TNT,UP,522,False
06621,SUPERFAST,LCR,DSPT,UP,528,False
06621,SUPERFAST,BQI,LCR,UP,535,False
06621,SUPERFAST,BDY,BQI,UP,542,False
06621,SUPERFAST,TNGR,BDY,UP,550,False
06621,SUPERFAST,MAP,TNGR,UP,554,False
06621,SUPERFAST,DPI,MAP,UP,560,False
06621,SUPERFAST,DST,DPI,UP,566,False
06621,SUPERFAST,SLY,DST,UP,573,False
06621,SUPERFAST,KNNT,SLY,UP,580,False
06621,SUPERFAST,KEY,KNNT,UP,585,False
06621,SUPERFAST,TPT,KEY,UP,590,False
06621,SUPERFAST,JTJ,TPT,UP,600,False
12685,EXPRESS,JTJ,TPT,DN,1197,False
12685,EXPRESS,TPT,KEY,DN,1203,False
12685,EXPRESS,KEY,KNNT,DN,1212,False
12685,EXPRESS,KNNT,SLY,DN,1216,False
12685,EXPRESS,SLY,DST,DN,1221,False
12685,EXPRESS,DST,DPI,DN,1228,False
12685,EXPRESS,DPI,MAP,DN,1235,False
12685,EXPRESS,MAP,TNGR,DN,1240,False
12685,EXPRESS,TNGR,BDY,DN,1245,False
12685,EXPRESS,BDY,BQI,DN,1251,False
12685,EXPRESS,BQI,LCR,DN,1259,False
12685,EXPRESS,LCR,DSPT,DN,1268,False
12685,EXPRESS,DSPT,TNT,DN,1275,False
12685,EXPRESS,TNT,KPPR,DN,1281,False
12685,EXPRESS,KPPR,MGSJ,DN,1290,False
12685,EXPRESS,MGSJ,SA,DN,1293,False
12685,EXPRESS,SA,NEA,DN,1300,False
12685,EXPRESS,NEA,VRPD,DN,1307,False
12685,EXPRESS,VRPD,DC,DN,1310,False
12685,EXPRESS,DC,MVPM,DN,1321,False
12685,EXPRESS,MVPM,SGE,DN,1333,False
12685,EXPRESS,SGE,ANU,DN,1338,False
12685,EXPRESS,ANU,CV,DN,1346,False
12685,EXPRESS,CV,ED,DN,1355,False
12686,EXPRESS,CV,ED,UP,105,False
12686,EXPRESS,ANU,CV,UP,109,False
12686,EXPRESS,SGE,ANU,UP,118,False
12686,EXPRESS,MVPM,SGE,UP,125,False
12686,EXPRESS,DC,MVPM,UP,130,False
12686,EXPRESS,VRPD,DC,UP,141,False
12686,EXPRESS,NEA,VRPD,UP,150,False
12686,EXPRESS,SA,NEA,UP,153,False
12686,EXPRESS,MGSJ,SA,UP,165,False
12686,EXPRESS,KPPR,MGSJ,UP,168,False
12686,EXPRESS,TNT,KPPR,UP,170,False
12686,EXPRESS,DSPT,TNT,UP,179,False
12686,EXPRESS,LCR,DSPT,UP,184,False
12686,EXPRESS,BQI,LCR,UP,192,False
12686,EXPRESS,BDY,BQI,UP,201,False
12686,EXPRESS,TNGR,BDY,UP,209,False
12686,EXPRESS,MAP,TNGR,UP,214,False
12686,EXPRESS,DPI,MAP,UP,220,False
12686,EXPRESS,DST,DPI,UP,227,False
12686,EXPRESS,SLY,DST,UP,234,False
12686,EXPRESS,KNNT,SLY,UP,242,False
12686,EXPRESS,KEY,KNNT,UP,247,False
12686,EXPRESS,TPT,KEY,UP,253,False
12686,EXPRESS,JTJ,TPT,UP,263,False
12681,EXPRESS,JTJ,TPT,DN,91,False
12681,EXPRESS,TPT,KEY,DN,97,False
12681,EXPRESS,KEY,KNNT,DN,106,False
12681,EXPRESS,KNNT,SLY,DN,111,False
12681,EXPRESS,SLY,DST,DN,117,False
12681,EXPRESS,DST,DPI,DN,124,False
12681,EXPRESS,DPI,MAP,DN,131,False
12681,EXPRESS,MAP,TNGR,DN,137,False
12681,EXPRESS,TNGR,BDY,DN,142,False
12681,EXPRESS,BDY,BQI,DN,148,False
12681,EXPRESS,BQI,LCR,DN,156,False
12681,EXPRESS,LCR,DSPT,DN,164,False
12681,EXPRESS,DSPT,TNT,DN,172,False
12681,EXPRESS,TNT,KPPR,DN,178,False
12681,EXPRESS,KPPR,MGSJ,DN,187,False
12681,EXPRESS,MGSJ,SA,DN,189,False
12681,EXPRESS,SA,NEA,DN,195,False
12681,EXPRESS,NEA,VRPD,DN,203,False
12681,EXPRESS,VRPD,DC,DN,206,False
12681,EXPRESS,DC,MVPM,DN,217,False
12681,EXPRESS,MVPM,SGE,DN,231,False
12681,EXPRESS,SGE,ANU,DN,236,False
12681,EXPRESS,ANU,CV,DN,244,False
12681,EXPRESS,CV,ED,DN,255,False
16734,EXPRESS,JTJ,TPT,DN,580,False
16734,EXPRESS,TPT,KEY,DN,586,False
16734,EXPRESS,KEY,KNNT,DN,595,False
16734,EXPRESS,KNNT,SLY,DN,599,False
16734,EXPRESS,SLY,DST,DN,604,False
16734,EXPRESS,DST,DPI,DN,611,False
16734,EXPRESS,DPI,MAP,DN,618,False
16734,EXPRESS,MAP,TNGR,DN,624,False
16734,EXPRESS,TNGR,BDY,DN,629,False
16734,EXPRESS,BDY,BQI,DN,634,False
16734,EXPRESS,BQI,LCR,DN,642,False
16734,EXPRESS,LCR,DSPT,DN,650,False
16734,EXPRESS,DSPT,TNT,DN,657,False
16734,EXPRESS,TNT,KPPR,DN,663,False
16734,EXPRESS,KPPR,MGSJ,DN,671,False
16734,EXPRESS,MGSJ,SA,DN,674,False
16734,EXPRESS,SA,NEA,DN,680,False
16734,EXPRESS,NEA,VRPD,DN,687,False
16734,EXPRESS,VRPD,DC,DN,690,False
16734,EXPRESS,DC,MVPM,DN,700,False
16734,EXPRESS,MVPM,SGE,DN,712,False
16734,EXPRESS,SGE,ANU,DN,717,False
16734,EXPRESS,ANU,CV,DN,725,False
16734,EXPRESS,CV,ED,DN,735,False
12695,SUPERFAST,JTJ,TPT,DN,1120,False
12695,SUPERFAST,TPT,KEY,DN,1125,False
12695,SUPERFAST,KEY,KNNT,DN,1133,False
12695,SUPERFAST,KNNT,SLY,DN,1137,False
12695,SUPERFAST,SLY,DST,DN,1142,False
12695,SUPERFAST,DST,DPI,DN,1148,False
12695,SUPERFAST,DPI,MAP,DN,1154,False
12695,SUPERFAST,MAP,TNGR,DN,1159,False
12695,SUPERFAST,TNGR,BDY,DN,1163,False
12695,SUPERFAST,BDY,BQI,DN,1168,False
12695,SUPERFAST,BQI,LCR,DN,1175,False
12695,SUPERFAST,LCR,DSPT,DN,1182,False
12695,SUPERFAST,DSPT,TNT,DN,1188,False
12695,SUPERFAST,TNT,KPPR,DN,1193,False
12695,SUPERFAST,KPPR,MGSJ,DN,1201,False
12695,SUPERFAST,MGSJ,SA,DN,1203,False
12695,SUPERFAST,SA,NEA,DN,1210,False
12695,SUPERFAST,NEA,VRPD,DN,1218,False
12695,SUPERFAST,VRPD,DC,DN,1222,False
12695,SUPERFAST,DC,MVPM,DN,1234,False
12695,SUPERFAST,MVPM,SGE,DN,1248,False
12695,SUPERFAST,SGE,ANU,DN,1254,False
12695,SUPERFAST,ANU,CV,DN,1263,False
12695,SUPERFAST,CV,ED,DN,1274,False
12787,SUPERFAST,JTJ,TPT,DN,768,False
12787,SUPERFAST,TPT,KEY,DN,774,False
12787,SUPERFAST,KEY,KNNT,DN,784,False
12787,SUPERFAST,KNNT,SLY,DN,789,False
12787,SUPERFAST,SLY,DST,DN,795,False
12787,SUPERFAST,DST,DPI,DN,802,False
12787,SUPERFAST,DPI,MAP,DN,809,False
12787,SUPERFAST,MAP,TNGR,DN,816,False
12787,SUPERFAST,TNGR,BDY,DN,821,False
12787,SUPERFAST,BDY,BQI,DN,826,False
12787,SUPERFAST,BQI,LCR,DN,835,False
12787,SUPERFAST,LCR,DSPT,DN,844,False
12787,SUPERFAST,DSPT,TNT,DN,852,False
12787,SUPERFAST,TNT,KPPR,DN,858,False
12787,SUPERFAST,KPPR,MGSJ,DN,867,False
12787,SUPERFAST,MGSJ,SA,DN,870,False
12787,SUPERFAST,SA,NEA,DN,875,False
12787,SUPERFAST,NEA,VRPD,DN,883,False
12787,SUPERFAST,VRPD,DC,DN,887,False
12787,SUPERFAST,DC,MVPM,DN,899,False
12787,SUPERFAST,MVPM,SGE,DN,913,False
12787,SUPERFAST,SGE,ANU,DN,919,False
12787,SUPERFAST,ANU,CV,DN,927,False
12787,SUPERFAST,CV,ED,DN,939,False
08569,EXPRESS,JTJ,TPT,DN,120,False
08569,EXPRESS,TPT,KEY,DN,125,False
08569,EXPRESS,KEY,KNNT,DN,133,False
08569,EXPRESS,KNNT,SLY,DN,137,False
08569,EXPRESS,SLY,DST,DN,142,False
08569,EXPRESS,DST,DPI,DN,148,False
08569,EXPRESS,DPI,MAP,DN,154,False
08569,EXPRESS,MAP,TNGR,DN,159,False
08569,EXPRESS,TNGR,BDY,DN,163,False
08569,EXPRESS,BDY,BQI,DN,168,False
08569,EXPRESS,BQI,LCR,DN,175,False
08569,EXPRESS,LCR,DSPT,DN,182,False
08569,EXPRESS,DSPT,TNT,DN,188,False
08569,EXPRESS,TNT,KPPR,DN,193,False
08569,EXPRESS,KPPR,MGSJ,DN,201,False
08569,EXPRESS,MGSJ,SA,DN,203,False
08569,EXPRESS,SA,NEA,DN,210,False
08569,EXPRESS,NEA,VRPD,DN,217,False
08569,EXPRESS,VRPD,DC,DN,220,False
08569,EXPRESS,DC,MVPM,DN,230,False
08569,EXPRESS,MVPM,SGE,DN,243,False
08569,EXPRESS,SGE,ANU,DN,248,False
08569,EXPRESS,ANU,CV,DN,255,False
08569,EXPRESS,CV,ED,DN,265,False
12696,SUPERFAST,CV,ED,UP,225,False
12696,SUPERFAST,ANU,CV,UP,229,False
12696,SUPERFAST,SGE,ANU,UP,239,False
12696,SUPERFAST,MVPM,SGE,UP,246,False
12696,SUPERFAST,DC,MVPM,UP,250,False
12696,SUPERFAST,VRPD,DC,UP,261,False
12696,SUPERFAST,NEA,VRPD,UP,271,False
12696,SUPERFAST,SA,NEA,UP,274,False
12696,SUPERFAST,MGSJ,SA,UP,285,False
12696,SUPERFAST,KPPR,MGSJ,UP,287,False
12696,SUPERFAST,TNT,KPPR,UP,290,False
12696,SUPERFAST,DSPT,TNT,UP,298,False
12696,SUPERFAST,LCR,DSPT,UP,303,False
12696,SUPERFAST,BQI,LCR,UP,311,False
12696,SUPERFAST,BDY,BQI,UP,319,False
12696,SUPERFAST,TNGR,BDY,UP,326,False
12696,SUPERFAST,MAP,TNGR,UP,332,False
12696,SUPERFAST,DPI,MAP,UP,336,False
12696,SUPERFAST,DST,DPI,UP,342,False
12696,SUPERFAST,SLY,DST,UP,348,False
12696,SUPERFAST,KNNT,SLY,UP,355,False
12696,SUPERFAST,KEY,KNNT,UP,360,False
12696,SUPERFAST,TPT,KEY,UP,365,False
12696,SUPERFAST,JTJ,TPT,UP,373,False
16325,EXPRESS,JTJ,TPT,DN,200,False
16325,EXPRESS,TPT,KEY,DN,205,False
16325,EXPRESS,KEY,KNNT,DN,213,False
16325,EXPRESS,KNNT,SLY,DN,217,False
16325,EXPRESS,SLY,DST,DN,222,False
16325,EXPRESS,DST,DPI,DN,228,False
16325,EXPRESS,DPI,MAP,DN,234,False
16325,EXPRESS,MAP,TNGR,DN,239,False
16325,EXPRESS,TNGR,BDY,DN,243,False
16325,EXPRESS,BDY,BQI,DN,248,False
16325,EXPRESS,BQI,LCR,DN,255,False
16325,EXPRESS,LCR,DSPT,DN,262,False
16325,EXPRESS,DSPT,TNT,DN,269,False
16325,EXPRESS,TNT,KPPR,DN,274,False
16325,EXPRESS,KPPR,MGSJ,DN,281,False
16325,EXPRESS,MGSJ,SA,DN,284,False
16325,EXPRESS,SA,NEA,DN,290,False
16325,EXPRESS,NEA,VRPD,DN,299,False
16325,EXPRESS,VRPD,DC,DN,303,False
16325,EXPRESS,DC,MVPM,DN,316,False
16325,EXPRESS,MVPM,SGE,DN,331,False
16325,EXPRESS,SGE,ANU,DN,337,False
16325,EXPRESS,ANU,CV,DN,347,False
16325,EXPRESS,CV,ED,DN,359,False
12676,EXPRESS,CV,ED,UP,945,False
12676,EXPRESS,ANU,CV,UP,949,False
12676,EXPRESS,SGE,ANU,UP,957,False
12676,EXPRESS,MVPM,SGE,UP,964,False
12676,EXPRESS,DC,MVPM,UP,968,False
12676,EXPRESS,VRPD,DC,UP,978,False
12676,EXPRESS,NEA,VRPD,UP,987,False
12676,EXPRESS,SA,NEA,UP,989,False
12676,EXPRESS,MGSJ,SA,UP,1000,False
12676,EXPRESS,KPPR,MGSJ,UP,1002,False
12676,EXPRESS,TNT,KPPR,UP,1004,False
12676,EXPRESS,DSPT,TNT,UP,1011,False
12676,EXPRESS,LCR,DSPT,UP,1016,False
12676,EXPRESS,BQI,LCR,UP,1022,False
12676,EXPRESS,BDY,BQI,UP,1029,False
12676,EXPRESS,TNGR,BDY,UP,1035,False
12676,EXPRESS,MAP,TNGR,UP,1040,False
12676,EXPRESS,DPI,MAP,UP,1045,False
12676,EXPRESS,DST,DPI,UP,1053,False
12676,EXPRESS,SLY,DST,UP,1061,False
12676,EXPRESS,KNNT,SLY,UP,1071,False
12676,EXPRESS,KEY,KNNT,UP,1077,False
12676,EXPRESS,TPT,KEY,UP,1084,False
12676,EXPRESS,JTJ,TPT,UP,1095,False
06006,SUPERFAST,CV,ED,UP,200,False
06006,SUPERFAST,ANU,CV,UP,205,False
06006,SUPERFAST,SGE,ANU,UP,214,False
06006,SUPERFAST,MVPM,SGE,UP,221,False
06006,SUPERFAST,DC,MVPM,UP,226,False
06006,SUPERFAST,VRPD,DC,UP,237,False
06006,SUPERFAST,NEA,VRPD,UP,247,False
06006,SUPERFAST,SA,NEA,UP,250,False
06006,SUPERFAST,MGSJ,SA,UP,260,False
06006,SUPERFAST,KPPR,MGSJ,UP,263,False
06006,SUPERFAST,TNT,KPPR,UP,267,False
06006,SUPERFAST,DSPT,TNT,UP,277,False
06006,SUPERFAST,LCR,DSPT,UP,284,False
06006,SUPERFAST,BQI,LCR,UP,294,False
06006,SUPERFAST,BDY,BQI,UP,305,False
06006,SUPERFAST,TNGR,BDY,UP,315,False
06006,SUPERFAST,MAP,TNGR,UP,322,False
06006,SUPERFAST,DPI,MAP,UP,328,False
06006,SUPERFAST,DST,DPI,UP,336,False
06006,SUPERFAST,SLY,DST,UP,344,False
06006,SUPERFAST,KNNT,SLY,UP,353,False
06006,SUPERFAST,KEY,KNNT,UP,360,False
06006,SUPERFAST,TPT,KEY,UP,366,False
06006,SUPERFAST,JTJ,TPT,UP,378,False
16628,EXPRESS,CV,ED,UP,515,False
16628,EXPRESS,ANU,CV,UP,521,False
16628,EXPRESS,SGE,ANU,UP,533,False
16628,EXPRESS,MVPM,SGE,UP,540,False
16628,EXPRESS,DC,MVPM,UP,544,False
16628,EXPRESS,VRPD,DC,UP,555,False
16628,EXPRESS,NEA,VRPD,UP,564,False
16628,EXPRESS,SA,NEA,UP,566,False
16628,EXPRESS,MGSJ,SA,UP,580,False
16628,EXPRESS,KPPR,MGSJ,UP,583,False
16628,EXPRESS,TNT,KPPR,UP,585,False
16628,EXPRESS,DSPT,TNT,UP,593,False
16628,EXPRESS,LCR,DSPT,UP,599,False
16628,EXPRESS,BQI,LCR,UP,606,False
16628,EXPRESS,BDY,BQI,UP,615,False
16628,EXPRESS,TNGR,BDY,UP,623,False
16628,EXPRESS,MAP,TNGR,UP,628,False
16628,EXPRESS,DPI,MAP,UP,635,False
16628,EXPRESS,DST,DPI,UP,641,False
16628,EXPRESS,SLY,DST,UP,648,False
16628,EXPRESS,KNNT,SLY,UP,655,False
16628,EXPRESS,KEY,KNNT,UP,660,False
16628,EXPRESS,TPT,KEY,UP,665,False
16628,EXPRESS,JTJ,TPT,UP,675,False
12671,EXPRESS,JTJ,TPT,DN,1436,False
12671,EXPRESS,TPT,KEY,DN,2,False
12671,EXPRESS,KEY,KNNT,DN,10,False
12671,EXPRESS,KNNT,SLY,DN,15,False
12671,EXPRESS,SLY,DST,DN,20,False
12671,EXPRESS,DST,DPI,DN,27,False
12671,EXPRESS,DPI,MAP,DN,33,False
12671,EXPRESS,MAP,TNGR,DN,39,False
12671,EXPRESS,TNGR,BDY,DN,44,False
12671,EXPRESS,BDY,BQI,DN,49,False
12671,EXPRESS,BQI,LCR,DN,57,False
12671,EXPRESS,LCR,DSPT,DN,64,False
12671,EXPRESS,DSPT,TNT,DN,72,False
12671,EXPRESS,TNT,KPPR,DN,77,False
12671,EXPRESS,KPPR,MGSJ,DN,85,False
12671,EXPRESS,MGSJ,SA,DN,88,False
12671,EXPRESS,SA,NEA,DN,95,False
12671,EXPRESS,NEA,VRPD,DN,102,False
12671,EXPRESS,VRPD,DC,DN,104,False
12671,EXPRESS,DC,MVPM,DN,114,False
12671,EXPRESS,MVPM,SGE,DN,125,False
12671,EXPRESS,SGE,ANU,DN,129,False
12671,EXPRESS,ANU,CV,DN,136,False
12671,EXPRESS,CV,ED,DN,145,False
12757,EXPRESS,JTJ,TPT,DN,1086,False
12757,EXPRESS,TPT,KEY,DN,1092,False
12757,EXPRESS,KEY,KNNT,DN,1100,False
12757,EXPRESS,KNNT,SLY,DN,1104,False
12757,EXPRESS,SLY,DST,DN,1109,False
12757,EXPRESS,DST,DPI,DN,1116,False
12757,EXPRESS,DPI,MAP,DN,1122,False
12757,EXPRESS,MAP,TNGR,DN,1127,False
12757,EXPRESS,TNGR,BDY,DN,1132,False
12757,EXPRESS,BDY,BQI,DN,1137,False
12757,EXPRESS,BQI,LCR,DN,1144,False
12757,EXPRESS,LCR,DSPT,DN,1152,False
12757,EXPRESS,DSPT,TNT,DN,1159,False
12757,EXPRESS,TNT,KPPR,DN,1165,False
12757,EXPRESS,KPPR,MGSJ,DN,1172,False
12757,EXPRESS,MGSJ,SA,DN,1175,False
12757,EXPRESS,SA,NEA,DN,1180,False
12757,EXPRESS,NEA,VRPD,DN,1187,False
12757,EXPRESS,VRPD,DC,DN,1189,False
12757,EXPRESS,DC,MVPM,DN,1199,False
12757,EXPRESS,MVPM,SGE,DN,1210,False
12757,EXPRESS,SGE,ANU,DN,1215,False
12757,EXPRESS,ANU,CV,DN,1222,False
12757,EXPRESS,CV,ED,DN,1231,False
16687,EXPRESS,CV,ED,UP,185,False
16687,EXPRESS,ANU,CV,UP,189,False
16687,EXPRESS,SGE,ANU,UP,198,False
16687,EXPRESS,MVPM,SGE,UP,205,False
16687,EXPRESS,DC,MVPM,UP,210,False
16687,EXPRESS,VRPD,DC,UP,221,False
16687,EXPRESS,NEA,VRPD,UP,230,False
16687,EXPRESS,SA,NEA,UP,233,False
16687,EXPRESS,MGSJ,SA,UP,245,False
16687,EXPRESS,KPPR,MGSJ,UP,248,False
16687,EXPRESS,TNT,KPPR,UP,251,False
16687,EXPRESS,DSPT,TNT,UP,260,False
16687,EXPRESS,LCR,DSPT,UP,267,False
16687,EXPRESS,BQI,LCR,UP,275,False
16687,EXPRESS,BDY,BQI,UP,285,False
16687,EXPRESS,TNGR,BDY,UP,294,False
16687,EXPRESS,MAP,TNGR,UP,300,False
16687,EXPRESS,DPI,MAP,UP,306,False
16687,EXPRESS,DST,DPI,UP,312,False
16687,EXPRESS,SLY,DST,UP,320,False
16687,EXPRESS,KNNT,SLY,UP,328,False
16687,EXPRESS,KEY,KNNT,UP,334,False
16687,EXPRESS,TPT,KEY,UP,339,False
16687,EXPRESS,JTJ,TPT,UP,349,False
12680,SUPERFAST,CV,ED,UP,465,False
12680,SUPERFAST,ANU,CV,UP,469,False
12680,SUPERFAST,SGE,ANU,UP,478,False
12680,SUPERFAST,MVPM,SGE,UP,484,False
12680,SUPERFAST,DC,MVPM,UP,488,False
12680,SUPERFAST,VRPD,DC,UP,499,False
12680,SUPERFAST,NEA,VRPD,UP,508,False
12680,SUPERFAST,SA,NEA,UP,510,False
12680,SUPERFAST,MGSJ,SA,UP,520,False
12680,SUPERFAST,KPPR,MGSJ,UP,523,False
12680,SUPERFAST,TNT,KPPR,UP,525,False
12680,SUPERFAST,DSPT,TNT,UP,533,False
12680,SUPERFAST,LCR,DSPT,UP,539,False
12680,SUPERFAST,BQI,LCR,UP,546,False
12680,SUPERFAST,BDY,BQI,UP,555,False
12680,SUPERFAST,TNGR,BDY,UP,561,False
12680,SUPERFAST,MAP,TNGR,UP,566,False
12680,SUPERFAST,DPI,MAP,UP,570,False
12680,SUPERFAST,DST,DPI,UP,576,False
12680,SUPERFAST,SLY,DST,UP,584,False
12680,SUPERFAST,KNNT,SLY,UP,591,False
12680,SUPERFAST,KEY,KNNT,UP,597,False
12680,SUPERFAST,TPT,KEY,UP,602,False
12680,SUPERFAST,JTJ,TPT,UP,612,False
16669,EXPRESS,JTJ,TPT,DN,180,False
16669,EXPRESS,TPT,KEY,DN,192,False
16669,EXPRESS,KEY,KNNT,DN,200,False
16669,EXPRESS,KNNT,SLY,DN,204,False
16669,EXPRESS,SLY,DST,DN,208,False
16669,EXPRESS,DST,DPI,DN,214,False
16669,EXPRESS,DPI,MAP,DN,219,False
16669,EXPRESS,MAP,TNGR,DN,225,False
16669,EXPRESS,TNGR,BDY,DN,232,False
16669,EXPRESS,BDY,BQI,DN,240,False
16669,EXPRESS,BQI,LCR,DN,255,False
16669,EXPRESS,LCR,DSPT,DN,264,False
16669,EXPRESS,DSPT,TNT,DN,273,False
16669,EXPRESS,TNT,KPPR,DN,279,False
16669,EXPRESS,KPPR,MGSJ,DN,289,False
16669,EXPRESS,MGSJ,SA,DN,292,False
16669,EXPRESS,SA,NEA,DN,300,False
16669,EXPRESS,NEA,VRPD,DN,307,False
16669,EXPRESS,VRPD,DC,DN,310,False
16669,EXPRESS,DC,MVPM,DN,320,False
16669,EXPRESS,MVPM,SGE,DN,332,False
16669,EXPRESS,SGE,ANU,DN,340,False
16669,EXPRESS,ANU,CV,DN,357,False
16669,EXPRESS,CV,ED,DN,379,False
56840,PASSENGER,CV,ED,UP,380,False
56840,PASSENGER,ANU,CV,UP,388,False
56840,PASSENGER,SGE,ANU,UP,398,False
56840,PASSENGER,MVPM,SGE,UP,406,False
56840,PASSENGER,DC,MVPM,UP,413,False
56840,PASSENGER,VRPD,DC,UP,423,False
56840,PASSENGER,NEA,VRPD,UP,435,False
56840,PASSENGER,SA,NEA,UP,440,False
56840,PASSENGER,MGSJ,SA,UP,465,False
56840,PASSENGER,KPPR,MGSJ,UP,470,False
56840,PASSENGER,TNT,KPPR,UP,477,False
56840,PASSENGER,DSPT,TNT,UP,487,False
56840,PASSENGER,LCR,DSPT,UP,495,False
56840,PASSENGER,BQI,LCR,UP,506,False
56840,PASSENGER,BDY,BQI,UP,515,False
56840,PASSENGER,TNGR,BDY,UP,526,False
56840,PASSENGER,MAP,TNGR,UP,532,False
56840,PASSENGER,DPI,MAP,UP,540,False
56840,PASSENGER,DST,DPI,UP,548,False
56840,PASSENGER,SLY,DST,UP,558,False
56840,PASSENGER,KNNT,SLY,UP,568,False
56840,PASSENGER,KEY,KNNT,UP,574,False
56840,PASSENGER,TPT,KEY,UP,582,False
56840,PASSENGER,JTJ,TPT,UP,605,False
12626,EXPRESS,JTJ,TPT,DN,45,False
12626,EXPRESS,TPT,KEY,DN,50,False
12626,EXPRESS,KEY,KNNT,DN,58,False
12626,EXPRESS,KNNT,SLY,DN,62,False
12626,EXPRESS,SLY,DST,DN,67,False
12626,EXPRESS,DST,DPI,DN,73,False
12626,EXPRESS,DPI,MAP,DN,79,False
12626,EXPRESS,MAP,TNGR,DN,84,False
12626,EXPRESS,TNGR,BDY,DN,88,False
12626,EXPRESS,BDY,BQI,DN,93,False
12626,EXPRESS,BQI,LCR,DN,100,False
12626,EXPRESS,LCR,DSPT,DN,107,False
12626,EXPRESS,DSPT,TNT,DN,113,False
12626,EXPRESS,TNT,KPPR,DN,118,False
12626,EXPRESS,KPPR,MGSJ,DN,126,False
12626,EXPRESS,MGSJ,SA,DN,128,False
12626,EXPRESS,SA,NEA,DN,135,False
12626,EXPRESS,NEA,VRPD,DN,143,False
12626,EXPRESS,VRPD,DC,DN,147,False
12626,EXPRESS,DC,MVPM,DN,158,False
12626,EXPRESS,MVPM,SGE,DN,172,False
12626,EXPRESS,SGE,ANU,DN,178,False
12626,EXPRESS,ANU,CV,DN,187,False
12626,EXPRESS,CV,ED,DN,198,False
12243,SUPERFAST,JTJ,TPT,DN,583,False
12243,SUPERFAST,TPT,KEY,DN,589,False
12243,SUPERFAST,KEY,KNNT,DN,598,False
12243,SUPERFAST,KNNT,SLY,DN,603,False
12243,SUPERFAST,SLY,DST,DN,608,False
12243,SUPERFAST,DST,DPI,DN,615,False
12243,SUPERFAST,DPI,MAP,DN,621,False
12243,SUPERFAST,MAP,TNGR,DN,627,False
12243,SUPERFAST,TNGR,BDY,DN,632,False
12243,SUPERFAST,BDY,BQI,DN,638,False
12243,SUPERFAST,BQI,LCR,DN,646,False
12243,SUPERFAST,LCR,DSPT,DN,654,False
12243,SUPERFAST,DSPT,TNT,DN,662,False
12243,SUPERFAST,TNT,KPPR,DN,667,False
12243,SUPERFAST,KPPR,MGSJ,DN,675,False
12243,SUPERFAST,MGSJ,SA,DN,678,False
12243,SUPERFAST,SA,NEA,DN,681,False
12243,SUPERFAST,NEA,VRPD,DN,687,False
12243,SUPERFAST,VRPD,DC,DN,689,False
12243,SUPERFAST,DC,MVPM,DN,698,False
12243,SUPERFAST,MVPM,SGE,DN,708,False
12243,SUPERFAST,SGE,ANU,DN,712,False
12243,SUPERFAST,ANU,CV,DN,719,False
12243,SUPERFAST,CV,ED,DN,727,False
12644,EXPRESS,JTJ,TPT,DN,1238,False
12644,EXPRESS,TPT,KEY,DN,1243,False
12644,EXPRESS,KEY,KNNT,DN,1252,False
12644,EXPRESS,KNNT,SLY,DN,1256,False
12644,EXPRESS,SLY,DST,DN,1261,False
12644,EXPRESS,DST,DPI,DN,1267,False
12644,EXPRESS,DPI,MAP,DN,1273,False
12644,EXPRESS,MAP,TNGR,DN,1279,False
12644,EXPRESS,TNGR,BDY,DN,1283,False
12644,EXPRESS,BDY,BQI,DN,1288,False
12644,EXPRESS,BQI,LCR,DN,1296,False
12644,EXPRESS,LCR,DSPT,DN,1303,False
12644,EXPRESS,DSPT,TNT,DN,1310,False
12644,EXPRESS,TNT,KPPR,DN,1315,False
12644,EXPRESS,KPPR,MGSJ,DN,1323,False
12644,EXPRESS,MGSJ,SA,DN,1325,False
12644,EXPRESS,SA,NEA,DN,1330,False
12644,EXPRESS,NEA,VRPD,DN,1338,False
12644,EXPRESS,VRPD,DC,DN,1342,False
12644,EXPRESS,DC,MVPM,DN,1354,False
12644,EXPRESS,MVPM,SGE,DN,1368,False
12644,EXPRESS,SGE,ANU,DN,1374,False
12644,EXPRESS,ANU,CV,DN,1382,False
12644,EXPRESS,CV,ED,DN,1394,False
12690,SUPERFAST,CV,ED,UP,360,False
12690,SUPERFAST,ANU,CV,UP,364,False
12690,SUPERFAST,SGE,ANU,UP,372,False
12690,SUPERFAST,MVPM,SGE,UP,379,False
12690,SUPERFAST,DC,MVPM,UP,383,False
12690,SUPERFAST,DVBH,DC,UP,393,False
12690,SUPERFAST,NEA,VRPD,UP,402,False
12690,SUPERFAST,SA,NEA,UP,404,False
12690,SUPERFAST,MGSJ,SA,UP,415,False
12690,SUPERFAST,KPPR,MGSJ,UP,417,False
12690,SUPERFAST,TNT,KPPR,UP,420,False
12690,SUPERFAST,DSPT,TNT,UP,427,False
12690,SUPERFAST,LCR,DSPT,UP,433,False
12690,SUPERFAST,BQI,LCR,UP,440,False
12690,SUPERFAST,BDY,BQI,UP,447,False
12690,SUPERFAST,TNGR,BDY,UP,455,False
12690,SUPERFAST,MAP,TNGR,UP,460,False
12690,SUPERFAST,DPI,MAP,UP,465,False
12690,SUPERFAST,DST,DPI,UP,471,False
12690,SUPERFAST,SLY,DST,UP,478,False
12690,SUPERFAST,KNNT,SLY,UP,485,False
12690,SUPERFAST,KEY,KNNT,UP,490,False
12690,SUPERFAST,MOLK,KEY,UP,495,False
12690,SUPERFAST,JTJ,TPT,UP,505,False
12675,EXPRESS,JTJ,TPT,DN,560,False
12675,EXPRESS,TPT,KEY,DN,566,False
12675,EXPRESS,KEY,KNNT,DN,575,False
12675,EXPRESS,KNNT,SLY,DN,580,False
12675,EXPRESS,SLY,DST,DN,585,False
12675,EXPRESS,DST,DPI,DN,592,False
12675,EXPRESS,DPI,MAP,DN,599,False
12675,EXPRESS,MAP,TNGR,DN,605,False
12675,EXPRESS,TNGR,BDY,DN,610,False
12675,EXPRESS,BDY,BQI,DN,615,False
12675,EXPRESS,BQI,LCR,DN,622,False
12675,EXPRESS,LCR,DSPT,DN,630,False
12675,EXPRESS,DSPT,TNT,DN,637,False
12675,EXPRESS,TNT,KPPR,DN,643,False
12675,EXPRESS,KPPR,MGSJ,DN,650,False
12675,EXPRESS,MGSJ,SA,DN,653,False
12675,EXPRESS,SA,NEA,DN,660,False
12675,EXPRESS,NEA,VRPD,DN,667,False
12675,EXPRESS,VRPD,DC,DN,669,False
12675,EXPRESS,DC,MVPM,DN,679,False
12675,EXPRESS,MVPM,SGE,DN,690,False
12675,EXPRESS,SGE,ANU,DN,695,False
12675,EXPRESS,ANU,CV,DN,702,False
12675,EXPRESS,CV,ED,DN,711,False
12698,EXPRESS,CV,ED,UP,360,False
12698,EXPRESS,ANU,CV,UP,364,False
12698,EXPRESS,SGE,ANU,UP,372,False
12698,EXPRESS,MVPM,SGE,UP,379,False
12698,EXPRESS,DC,MVPM,UP,383,False
12698,EXPRESS,VRPD,DC,UP,393,False
12698,EXPRESS,NEA,VRPD,UP,402,False
12698,EXPRESS,SA,NEA,UP,404,False
12698,EXPRESS,MGSJ,SA,UP,415,False
12698,EXPRESS,KPPR,MGSJ,UP,418,False
12698,EXPRESS,TNT,KPPR,UP,421,False
12698,EXPRESS,DSPT,TNT,UP,431,False
12698,EXPRESS,LCR,DSPT,UP,437,False
12698,EXPRESS,BQI,LCR,UP,446,False
12698,EXPRESS,BDY,BQI,UP,456,False
12698,EXPRESS,TNGR,BDY,UP,465,False
12698,EXPRESS,MAP,TNGR,UP,472,False
12698,EXPRESS,DPI,MAP,UP,477,False
12698,EXPRESS,DST,DPI,UP,484,False
12698,EXPRESS,SLY,DST,UP,492,False
12698,EXPRESS,KNNT,SLY,UP,500,False
12698,EXPRESS,KEY,KNNT,UP,506,False
12698,EXPRESS,TPT,KEY,UP,512,False
12698,EXPRESS,JTJ,TPT,UP,522,False
12602,MAIL,CV,ED,UP,1390,False
12602,MAIL,ANU,CV,UP,1394,False
12602,MAIL,SGE,ANU,UP,1403,False
12602,MAIL,MVPM,SGE,UP,1410,False
12602,MAIL,DC,MVPM,UP,1415,False
12602,MAIL,VRPD,DC,UP,1425,False
12602,MAIL,NEA,VRPD,UP,1435,False
12602,MAIL,SA,NEA,UP,1437,False
12602,MAIL,MGSJ,SA,UP,10,False
12602,MAIL,KPPR,MGSJ,UP,13,False
12602,MAIL,TNT,KPPR,UP,15,False
12602,MAIL,DSPT,TNT,UP,24,False
12602,MAIL,LCR,DSPT,UP,30,False
12602,MAIL,BQI,LCR,UP,38,False
12602,MAIL,BDY,BQI,UP,47,False
12602,MAIL,TNGR,BDY,UP,55,False
12602,MAIL,MAP,TNGR,UP,61,False
12602,MAIL,DPI,MAP,UP,66,False
12602,MAIL,DST,DPI,UP,73,False
12602,MAIL,SLY,DST,UP,80,False
12602,MAIL,KNNT,SLY,UP,87,False
12602,MAIL,KEY,KNNT,UP,92,False
12602,MAIL,TPT,KEY,UP,97,False
12602,MAIL,JTJ,TPT,UP,107,False
12969,EXPRESS,CV,ED,UP,650,False
12969,EXPRESS,ANU,CV,UP,654,False
12969,EXPRESS,SGE,ANU,UP,663,False
12969,EXPRESS,MVPM,SGE,UP,670,False
12969,EXPRESS,DC,MVPM,UP,675,False
12969,EXPRESS,VRPD,DC,UP,686,False
12969,EXPRESS,NEA,VRPD,UP,695,False
12969,EXPRESS,SA,NEA,UP,698,False
12969,EXPRESS,MGSJ,SA,UP,710,False
12969,EXPRESS,KPPR,MGSJ,UP,713,False
12969,EXPRESS,TNT,KPPR,UP,716,False
12969,EXPRESS,DSPT,TNT,UP,725,False
12969,EXPRESS,LCR,DSPT,UP,731,False
12969,EXPRESS,BQI,LCR,UP,740,False
12969,EXPRESS,BDY,BQI,UP,749,False
12969,EXPRESS,TNGR,BDY,UP,758,False
12969,EXPRESS,MAP,TNGR,UP,764,False
12969,EXPRESS,DPI,MAP,UP,770,False
12969,EXPRESS,DST,DPI,UP,776,False
12969,EXPRESS,SLY,DST,UP,784,False
12969,EXPRESS,KNNT,SLY,UP,791,False
12969,EXPRESS,KEY,KNNT,UP,797,False
12969,EXPRESS,TPT,KEY,UP,803,False
12969,EXPRESS,JTJ,TPT,UP,813,False
13352-Slip,EXPRESS,CV,ED,UP,850,False
13352-Slip,EXPRESS,ANU,CV,UP,854,False
13352-Slip,EXPRESS,SGE,ANU,UP,862,False
13352-Slip,EXPRESS,MVPM,SGE,UP,868,False
13352-Slip,EXPRESS,DC,MVPM,UP,872,False
13352-Slip,EXPRESS,VRPD,DC,UP,882,False
13352-Slip,EXPRESS,NEA,VRPD,UP,891,False
13352-Slip,EXPRESS,SA,NEA,UP,893,False
13352-Slip,EXPRESS,MGSJ,SA,UP,905,False
13352-Slip,EXPRESS,KPPR,MGSJ,UP,907,False
13352-Slip,EXPRESS,TNT,KPPR,UP,910,False
13352-Slip,EXPRESS,DSPT,TNT,UP,918,False
13352-Slip,EXPRESS,LCR,DSPT,UP,924,False
13352-Slip,EXPRESS,BQI,LCR,UP,931,False
13352-Slip,EXPRESS,BDY,BQI,UP,940,False
13352-Slip,EXPRESS,TNGR,BDY,UP,947,False
13352-Slip,EXPRESS,MAP,TNGR,UP,952,False
13352-Slip,EXPRESS,DPI,MAP,UP,957,False
13352-Slip,EXPRESS,DST,DPI,UP,962,False
13352-Slip,EXPRESS,SLY,DST,UP,968,False
13352-Slip,EXPRESS,KNNT,SLY,UP,975,False
13352-Slip,EXPRESS,KEY,KNNT,UP,981,False
13352-Slip,EXPRESS,TPT,KEY,UP,987,False
13352-Slip,EXPRESS,JTJ,TPT,UP,1000,False
12788,SUPERFAST,CV,ED,UP,910,False
12788,SUPERFAST,ANU,CV,UP,914,False
12788,SUPERFAST,SGE,ANU,UP,922,False
12788,SUPERFAST,MVPM,SGE,UP,929,False
12788,SUPERFAST,DC,MVPM,UP,933,False
12788,SUPERFAST,VRPD,DC,UP,943,False
12788,SUPERFAST,NEA,VRPD,UP,952,False
12788,SUPERFAST,SA,NEA,UP,954,False
12788,SUPERFAST,MGSJ,SA,UP,965,False
12788,SUPERFAST,KPPR,MGSJ,UP,968,False
12788,SUPERFAST,TNT,KPPR,UP,970,False
12788,SUPERFAST,DSPT,TNT,UP,979,False
12788,SUPERFAST,LCR,DSPT,UP,985,False
12788,SUPERFAST,BQI,LCR,UP,992,False
12788,SUPERFAST,BDY,BQI,UP,1001,False
12788,SUPERFAST,TNGR,BDY,UP,1009,False
12788,SUPERFAST,MAP,TNGR,UP,1014,False
12788,SUPERFAST,DPI,MAP,UP,1020,False
12788,SUPERFAST,DST,DPI,UP,1026,False
12788,SUPERFAST,SLY,DST,UP,1032,False
12788,SUPERFAST,KNNT,SLY,UP,1039,False
12788,SUPERFAST,KEY,KNNT,UP,1045,False
12788,SUPERFAST,TPT,KEY,UP,1050,False
12788,SUPERFAST,JTJ,TPT,UP,1059,False
12623,SUPERFAST,JTJ,TPT,DN,1354,False
12623,SUPERFAST,TPT,KEY,DN,1360,False
12623,SUPERFAST,KEY,KNNT,DN,1368,False
12623,SUPERFAST,KNNT,SLY,DN,1373,False
12623,SUPERFAST,SLY,DST,DN,1377,False
12623,SUPERFAST,DST,DPI,DN,1384,False
12623,SUPERFAST,DPI,MAP,DN,1390,False
12623,SUPERFAST,MAP,TNGR,DN,1396,False
12623,SUPERFAST,TNGR,BDY,DN,1401,False
12623,SUPERFAST,BDY,BQI,DN,1406,False
12623,SUPERFAST,BQI,LCR,DN,1413,False
12623,SUPERFAST,LCR,DSPT,DN,1421,False
12623,SUPERFAST,DSPT,TNT,DN,1428,False
12623,SUPERFAST,TNT,KPPR,DN,1434,False
12623,SUPERFAST,KPPR,MGSJ,DN,1,False
12623,SUPERFAST,MGSJ,SA,DN,4,False
12623,SUPERFAST,SA,NEA,DN,10,False
12623,SUPERFAST,NEA,VRPD,DN,17,False
12623,SUPERFAST,VRPD,DC,DN,19,False
12623,SUPERFAST,DC,MVPM,DN,29,False
12623,SUPERFAST,MVPM,SGE,DN,40,False
12623,SUPERFAST,SGE,ANU,DN,45,False
12623,SUPERFAST,ANU,CV,DN,52,False
12623,SUPERFAST,CV,ED,DN,61,False
12522,EXPRESS,CV,ED,UP,1030,False
12522,EXPRESS,ANU,CV,UP,1034,False
12522,EXPRESS,SGE,ANU,UP,1044,False
12522,EXPRESS,MVPM,SGE,UP,1051,False
12522,EXPRESS,DC,MVPM,UP,1055,False
12522,EXPRESS,VRPD,DC,UP,1066,False
12522,EXPRESS,NEA,VRPD,UP,1076,False
12522,EXPRESS,SA,NEA,UP,1079,False
12522,EXPRESS,MGSJ,SA,UP,1090,False
12522,EXPRESS,KPPR,MGSJ,UP,1093,False
12522,EXPRESS,TNT,KPPR,UP,1095,False
12522,EXPRESS,DSPT,TNT,UP,1104,False
12522,EXPRESS,LCR,DSPT,UP,1109,False
12522,EXPRESS,BQI,LCR,UP,1117,False
12522,EXPRESS,BDY,BQI,UP,1125,False
12522,EXPRESS,TNGR,BDY,UP,1134,False
12522,EXPRESS,MAP,TNGR,UP,1139,False
12522,EXPRESS,DPI,MAP,UP,1144,False
12522,EXPRESS,DST,DPI,UP,1150,False
12522,EXPRESS,SLY,DST,UP,1157,False
12522,EXPRESS,KNNT,SLY,UP,1164,False
12522,EXPRESS,KEY,KNNT,UP,1169,False
12522,EXPRESS,TPT,KEY,UP,1174,False
12522,EXPRESS,JTJ,TPT,UP,1183,False
16318-Slip,EXPRESS,JTJ,TPT,DN,305,False
16318-Slip,EXPRESS,TPT,KEY,DN,311,False
16318-Slip,EXPRESS,KEY,KNNT,DN,319,False
16318-Slip,EXPRESS,KNNT,SLY,DN,323,False
16318-Slip,EXPRESS,SLY,DST,DN,328,False
16318-Slip,EXPRESS,DST,DPI,DN,335,False
16318-Slip,EXPRESS,DPI,MAP,DN,341,False
16318-Slip,EXPRESS,MAP,TNGR,DN,346,False
16318-Slip,EXPRESS,TNGR,BDY,DN,351,False
16318-Slip,EXPRESS,BDY,BQI,DN,356,False
16318-Slip,EXPRESS,BQI,LCR,DN,363,False
16318-Slip,EXPRESS,LCR,DSPT,DN,371,False
16318-Slip,EXPRESS,DSPT,TNT,DN,378,False
16318-Slip,EXPRESS,TNT,KPPR,DN,384,False
16318-Slip,EXPRESS,KPPR,MGSJ,DN,391,False
16318-Slip,EXPRESS,MGSJ,SA,DN,394,False
16318-Slip,EXPRESS,SA,NEA,DN,400,False
16318-Slip,EXPRESS,NEA,VRPD,DN,408,False
16318-Slip,EXPRESS,VRPD,DC,DN,412,False
16318-Slip,EXPRESS,DC,MVPM,DN,424,False
16318-Slip,EXPRESS,MVPM,SGE,DN,438,False
16318-Slip,EXPRESS,SGE,ANU,DN,444,False
16318-Slip,EXPRESS,ANU,CV,DN,452,False
16318-Slip,EXPRESS,CV,ED,DN,464,False
12512,EXPRESS,CV,ED,UP,1030,False
12512,EXPRESS,ANU,CV,UP,1034,False
12512,EXPRESS,SGE,ANU,UP,1043,False
12512,EXPRESS,MVPM,SGE,UP,1050,False
12512,EXPRESS,DC,MVPM,UP,1055,False
12512,EXPRESS,VRPD,DC,UP,1066,False
12512,EXPRESS,NEA,VRPD,UP,1075,False
12512,EXPRESS,SA,NEA,UP,1078,False
12512,EXPRESS,MGSJ,SA,UP,1090,False
12512,EXPRESS,KPPR,MGSJ,UP,1093,False
12512,EXPRESS,TNT,KPPR,UP,1095,False
12512,EXPRESS,DSPT,TNT,UP,1104,False
12512,EXPRESS,LCR,DSPT,UP,1109,False
12512,EXPRESS,BQI,LCR,UP,1117,False
12512,EXPRESS,BDY,BQI,UP,1125,False
12512,EXPRESS,TNGR,BDY,UP,1134,False
12512,EXPRESS,MAP,TNGR,UP,1139,False
12512,EXPRESS,DPI,MAP,UP,1144,False
12512,EXPRESS,DST,DPI,UP,1150,False
12512,EXPRESS,SLY,DST,UP,1157,False
12512,EXPRESS,KNNT,SLY,UP,1164,False
12512,EXPRESS,KEY,KNNT,UP,1169,False
12512,EXPRESS,TPT,KEY,UP,1174,False
12512,EXPRESS,JTJ,TPT,UP,1183,False
12659,EXPRESS,CV,ED,UP,185,False
12659,EXPRESS,ANU,CV,UP,189,False
12659,EXPRESS,SGE,ANU,UP,199,False
12659,EXPRESS,MVPM,SGE,UP,206,False
12659,EXPRESS,DC,MVPM,UP,210,False
12659,EXPRESS,VRPD,DC,UP,221,False
12659,EXPRESS,NEA,VRPD,UP,231,False
12659,EXPRESS,SA,NEA,UP,234,False
12659,EXPRESS,MGSJ,SA,UP,245,False
12659,EXPRESS,KPPR,MGSJ,UP,248,False
12659,EXPRESS,TNT,KPPR,UP,251,False
12659,EXPRESS,DSPT,TNT,UP,260,False
12659,EXPRESS,LCR,DSPT,UP,267,False
12659,EXPRESS,BQI,LCR,UP,275,False
12659,EXPRESS,BDY,BQI,UP,285,False
12659,EXPRESS,TNGR,BDY,UP,294,False
12659,EXPRESS,MAP,TNGR,UP,300,False
12659,EXPRESS,DPI,MAP,UP,306,False
12659,EXPRESS,DST,DPI,UP,312,False
12659,EXPRESS,SLY,DST,UP,320,False
12659,EXPRESS,KNNT,SLY,UP,328,False
12659,EXPRESS,KEY,KNNT,UP,334,False
12659,EXPRESS,TPT,KEY,UP,339,False
12659,EXPRESS,JTJ,TPT,UP,349,False
16688,EXPRESS,JTJ,TPT,DN,305,False
16688,EXPRESS,TPT,KEY,DN,311,False
16688,EXPRESS,KEY,KNNT,DN,319,False
16688,EXPRESS,KNNT,SLY,DN,323,False
16688,EXPRESS,SLY,DST,DN,328,False
16688,EXPRESS,DST,DPI,DN,335,False
16688,EXPRESS,DPI,MAP,DN,341,False
16688,EXPRESS,MAP,TNGR,DN,346,False
16688,EXPRESS,TNGR,BDY,DN,351,False
16688,EXPRESS,BDY,BQI,DN,356,False
16688,EXPRESS,BQI,LCR,DN,363,False
16688,EXPRESS,LCR,DSPT,DN,371,False
16688,EXPRESS,DSPT,TNT,DN,378,False
16688,EXPRESS,TNT,KPPR,DN,384,False
16688,EXPRESS,KPPR,MGSJ,DN,391,False
16688,EXPRESS,MGSJ,SA,DN,394,False
16688,EXPRESS,SA,NEA,DN,400,False
16688,EXPRESS,NEA,VRPD,DN,408,False
16688,EXPRESS,VRPD,DC,DN,412,False
16688,EXPRESS,DC,MVPM,DN,424,False
16688,EXPRESS,MVPM,SGE,DN,438,False
16688,EXPRESS,SGE,ANU,DN,444,False
16688,EXPRESS,ANU,CV,DN,452,False
16688,EXPRESS,CV,ED,DN,464,False
12645,EXPRESS,CV,ED,UP,80,False
12645,EXPRESS,ANU,CV,UP,84,False
12645,EXPRESS,SGE,ANU,UP,94,False
12645,EXPRESS,MVPM,SGE,UP,101,False
12645,EXPRESS,DC,MVPM,UP,105,False
12645,EXPRESS,VRPD,DC,UP,116,False
12645,EXPRESS,NEA,VRPD,UP,126,False
12645,EXPRESS,SA,NEA,UP,129,False
12645,EXPRESS,MGSJ,SA,UP,140,False
12645,EXPRESS,KPPR,MGSJ,UP,143,False
12645,EXPRESS,TNT,KPPR,UP,146,False
12645,EXPRESS,DSPT,TNT,UP,154,False
12645,EXPRESS,LCR,DSPT,UP,160,False
12645,EXPRESS,BQI,LCR,UP,169,False
12645,EXPRESS,BDY,BQI,UP,177,False
12645,EXPRESS,TNGR,BDY,UP,186,False
12645,EXPRESS,MAP,TNGR,UP,192,False
12645,EXPRESS,DPI,MAP,UP,197,False
12645,EXPRESS,DST,DPI,UP,203,False
12645,EXPRESS,SLY,DST,UP,210,False
12645,EXPRESS,KNNT,SLY,UP,218,False
12645,EXPRESS,KEY,KNNT,UP,223,False
12645,EXPRESS,TPT,KEY,UP,228,False
12645,EXPRESS,JTJ,TPT,UP,238,False
16324,EXPRESS,JTJ,TPT,DN,460,False
16324,EXPRESS,TPT,KEY,DN,466,False
16324,EXPRESS,KEY,KNNT,DN,475,False
16324,EXPRESS,KNNT,SLY,DN,479,False
16324,EXPRESS,SLY,DST,DN,484,False
16324,EXPRESS,DST,DPI,DN,491,False
16324,EXPRESS,DPI,MAP,DN,498,False
16324,EXPRESS,MAP,TNGR,DN,504,False
16324,EXPRESS,TNGR,BDY,DN,509,False
16324,EXPRESS,BDY,BQI,DN,514,False
16324,EXPRESS,BQI,LCR,DN,522,False
16324,EXPRESS,LCR,DSPT,DN,530,False
16324,EXPRESS,DSPT,TNT,DN,537,False
16324,EXPRESS,TNT,KPPR,DN,543,False
16324,EXPRESS,KPPR,MGSJ,DN,551,False
16324,EXPRESS,MGSJ,SA,DN,554,False
16324,EXPRESS,SA,NEA,DN,560,False
16324,EXPRESS,NEA,VRPD,DN,569,False
16324,EXPRESS,VRPD,DC,DN,572,False
16324,EXPRESS,DC,MVPM,DN,585,False
16324,EXPRESS,MVPM,SGE,DN,601,False
16324,EXPRESS,SGE,ANU,DN,607,False
16324,EXPRESS,ANU,CV,DN,616,False
16324,EXPRESS,CV,ED,DN,628,False
12643,EXPRESS,CV,ED,UP,80,False
12643,EXPRESS,ANU,CV,UP,84,False
12643,EXPRESS,SGE,ANU,UP,93,False
12643,EXPRESS,MVPM,SGE,UP,100,False
12643,EXPRESS,DC,MVPM,UP,105,False
12643,EXPRESS,VRPD,DC,UP,116,False
12643,EXPRESS,NEA,VRPD,UP,125,False
12643,EXPRESS,SA,NEA,UP,128,False
12643,EXPRESS,MGSJ,SA,UP,140,False
12643,EXPRESS,KPPR,MGSJ,UP,143,False
12643,EXPRESS,TNT,KPPR,UP,146,False
12643,EXPRESS,DSPT,TNT,UP,155,False
12643,EXPRESS,LCR,DSPT,UP,162,False
12643,EXPRESS,BQI,LCR,UP,171,False
12643,EXPRESS,BDY,BQI,UP,180,False
12643,EXPRESS,TNGR,BDY,UP,190,False
12643,EXPRESS,MAP,TNGR,UP,196,False
12643,EXPRESS,DPI,MAP,UP,201,False
12643,EXPRESS,DST,DPI,UP,208,False
12643,EXPRESS,SLY,DST,UP,216,False
12643,EXPRESS,KNNT,SLY,UP,224,False
12643,EXPRESS,KEY,KNNT,UP,230,False
12643,EXPRESS,TPT,KEY,UP,235,False
12643,EXPRESS,JTJ,TPT,UP,246,False
12624,SUPERFAST,CV,ED,UP,50,False
12624,SUPERFAST,ANU,CV,UP,54,False
12624,SUPERFAST,SGE,ANU,UP,62,False
12624,SUPERFAST,MVPM,SGE,UP,69,False
12624,SUPERFAST,DC,MVPM,UP,73,False
12624,SUPERFAST,VRPD,DC,UP,83,False
12624,SUPERFAST,NEA,VRPD,UP,91,False
12624,SUPERFAST,SA,NEA,UP,94,False
12624,SUPERFAST,MGSJ,SA,UP,105,False
12624,SUPERFAST,KPPR,MGSJ,UP,108,False
12624,SUPERFAST,TNT,KPPR,UP,110,False
12624,SUPERFAST,DSPT,TNT,UP,119,False
12624,SUPERFAST,LCR,DSPT,UP,124,False
12624,SUPERFAST,BQI,LCR,UP,132,False
12624,SUPERFAST,BDY,BQI,UP,140,False
12624,SUPERFAST,TNGR,BDY,UP,149,False
12624,SUPERFAST,MAP,TNGR,UP,154,False
12624,SUPERFAST,DPI,MAP,UP,159,False
12624,SUPERFAST,DST,DPI,UP,165,False
12624,SUPERFAST,SLY,DST,UP,172,False
12624,SUPERFAST,KNNT,SLY,UP,179,False
12624,SUPERFAST,KEY,KNNT,UP,184,False
12624,SUPERFAST,TPT,KEY,UP,189,False
12624,SUPERFAST,JTJ,TPT,UP,198,False
22816,EXPRESS,CV,ED,UP,920,False
22816,EXPRESS,ANU,CV,UP,924,False
22816,EXPRESS,SGE,ANU,UP,934,False
22816,EXPRESS,MVPM,SGE,UP,941,False
22816,EXPRESS,DC,MVPM,UP,945,False
22816,EXPRESS,VRPD,DC,UP,956,False
22816,EXPRESS,NEA,VRPD,UP,966,False
22816,EXPRESS,SA,NEA,UP,969,False
22816,EXPRESS,MGSJ,SA,UP,980,False
22816,EXPRESS,KPPR,MGSJ,UP,982,False
22816,EXPRESS,TNT,KPPR,UP,985,False
22816,EXPRESS,DSPT,TNT,UP,993,False
22816,EXPRESS,LCR,DSPT,UP,998,False
22816,EXPRESS,BQI,LCR,UP,1006,False
22816,EXPRESS,BDY,BQI,UP,1014,False
22816,EXPRESS,TNGR,BDY,UP,1021,False
22816,EXPRESS,MAP,TNGR,UP,1027,False
22816,EXPRESS,DPI,MAP,UP,1031,False
22816,EXPRESS,DST,DPI,UP,1037,False
22816,EXPRESS,SLY,DST,UP,1043,False
22816,EXPRESS,KNNT,SLY,UP,1050,False
22816,EXPRESS,KEY,KNNT,UP,1055,False
22816,EXPRESS,TPT,KEY,UP,1060,False
22816,EXPRESS,JTJ,TPT,UP,1068,False
06003,EXPRESS,JTJ,TPT,DN,1430,False
06003,EXPRESS,TPT,KEY,DN,1435,False
06003,EXPRESS,KEY,KNNT,DN,3,False
06003,EXPRESS,KNNT,SLY,DN,7,False
06003,EXPRESS,SLY,DST,DN,12,False
06003,EXPRESS,DST,DPI,DN,18,False
06003,EXPRESS,DPI,MAP,DN,24,False
06003,EXPRESS,MAP,TNGR,DN,29,False
06003,EXPRESS,TNGR,BDY,DN,33,False
06003,EXPRESS,BDY,BQI,DN,38,False
06003,EXPRESS,BQI,LCR,DN,45,False
06003,EXPRESS,LCR,DSPT,DN,52,False
06003,EXPRESS,DSPT,TNT,DN,58,False
06003,EXPRESS,TNT,KPPR,DN,63,False
06003,EXPRESS,KPPR,MGSJ,DN,71,False
06003,EXPRESS,MGSJ,SA,DN,73,False
06003,EXPRESS,SA,NEA,DN,80,False
06003,EXPRESS,NEA,VRPD,DN,87,False
06003,EXPRESS,VRPD,DC,DN,89,False
06003,EXPRESS,DC,MVPM,DN,99,False
06003,EXPRESS,MVPM,SGE,DN,110,False
06003,EXPRESS,SGE,ANU,DN,114,False
06003,EXPRESS,ANU,CV,DN,121,False
06003,EXPRESS,CV,ED,DN,130,False
06622,SUPERFAST,JTJ,TPT,DN,1004,False
06622,SUPERFAST,TPT,KEY,DN,1015,False
06622,SUPERFAST,KEY,KNNT,DN,1023,False
06622,SUPERFAST,KNNT,SLY,DN,1027,False
06622,SUPERFAST,SLY,DST,DN,1032,False
06622,SUPERFAST,DST,DPI,DN,1038,False
06622,SUPERFAST,DPI,MAP,DN,1044,False
06622,SUPERFAST,MAP,TNGR,DN,1050,False
06622,SUPERFAST,TNGR,BDY,DN,1055,False
06622,SUPERFAST,BDY,BQI,DN,1060,False
06622,SUPERFAST,BQI,LCR,DN,1067,False
06622,SUPERFAST,LCR,DSPT,DN,1075,False
06622,SUPERFAST,DSPT,TNT,DN,1082,False
06622,SUPERFAST,TNT,KPPR,DN,1088,False
06622,SUPERFAST,KPPR,MGSJ,DN,1095,False
06622,SUPERFAST,MGSJ,SA,DN,1098,False
06622,SUPERFAST,SA,NEA,DN,1105,False
06622,SUPERFAST,NEA,VRPD,DN,1112,False
06622,SUPERFAST,VRPD,DC,DN,1115,False
06622,SUPERFAST,DC,MVPM,DN,1125,False
06622,SUPERFAST,MVPM,SGE,DN,1137,False
06622,SUPERFAST,SGE,ANU,DN,1142,False
06622,SUPERFAST,ANU,CV,DN,1150,False
06622,SUPERFAST,CV,ED,DN,1160,False
16327,EXPRESS,JTJ,TPT,DN,200,False
16327,EXPRESS,TPT,KEY,DN,205,False
16327,EXPRESS,KEY,KNNT,DN,213,False
16327,EXPRESS,KNNT,SLY,DN,217,False
16327,EXPRESS,SLY,DST,DN,222,False
16327,EXPRESS,DST,DPI,DN,228,False
16327,EXPRESS,DPI,MAP,DN,234,False
16327,EXPRESS,MAP,TNGR,DN,239,False
16327,EXPRESS,TNGR,BDY,DN,243,False
16327,EXPRESS,BDY,BQI,DN,248,False
16327,EXPRESS,BQI,LCR,DN,255,False
16327,EXPRESS,LCR,DSPT,DN,262,False
16327,EXPRESS,DSPT,TNT,DN,269,False
16327,EXPRESS,TNT,KPPR,DN,274,False
16327,EXPRESS,KPPR,MGSJ,DN,281,False
16327,EXPRESS,MGSJ,SA,DN,284,False
16327,EXPRESS,SA,NEA,DN,290,False
16327,EXPRESS,NEA,VRPD,DN,299,False
16327,EXPRESS,VRPD,DC,DN,303,False
16327,EXPRESS,DC,MVPM,DN,316,False
16327,EXPRESS,MVPM,SGE,DN,331,False
16327,EXPRESS,SGE,ANU,DN,337,False
16327,EXPRESS,ANU,CV,DN,347,False
16327,EXPRESS,CV,ED,DN,359,False
12507,SUPERFAST,CV,ED,UP,185,False
12507,SUPERFAST,ANU,CV,UP,189,False
12507,SUPERFAST,SGE,ANU,UP,199,False
12507,SUPERFAST,MVPM,SGE,UP,206,False
12507,SUPERFAST,DC,MVPM,UP,210,False
12507,SUPERFAST,DVBH,DC,UP,221,False
12507,SUPERFAST,NEA,VRPD,UP,231,False
12507,SUPERFAST,SA,NEA,UP,234,False
12507,SUPERFAST,MGSJ,SA,UP,245,False
12507,SUPERFAST,KPPR,MGSJ,UP,248,False
12507,SUPERFAST,TNT,KPPR,UP,251,False
12507,SUPERFAST,DSPT,TNT,UP,260,False
12507,SUPERFAST,LCR,DSPT,UP,267,False
12507,SUPERFAST,BQI,LCR,UP,275,False
12507,SUPERFAST,BDY,BQI,UP,285,False
12507,SUPERFAST,TNGR,BDY,UP,294,False
12507,SUPERFAST,MAP,TNGR,UP,300,False
12507,SUPERFAST,DPI,MAP,UP,306,False
12507,SUPERFAST,DST,DPI,UP,312,False
12507,SUPERFAST,SLY,DST,UP,320,False
12507,SUPERFAST,KNNT,SLY,UP,328,False
12507,SUPERFAST,KEY,KNNT,UP,334,False
12507,SUPERFAST,MOLK,KEY,UP,339,False
12507,SUPERFAST,JTJ,TPT,UP,349,False
18189,EXPRESS,JTJ,TPT,DN,440,False
18189,EXPRESS,TPT,MOLK,DN,452,False
18189,EXPRESS,KEY,KNNT,DN,460,False
18189,EXPRESS,KNNT,SLY,DN,465,False
18189,EXPRESS,SLY,DST,DN,470,False
18189,EXPRESS,DST,DPI,DN,476,False
18189,EXPRESS,DPI,MAP,DN,482,False
18189,EXPRESS,MAP,TNGR,DN,488,False
18189,EXPRESS,TNGR,BDY,DN,493,False
18189,EXPRESS,BDY,BQI,DN,498,False
18189,EXPRESS,BQI,LCR,DN,505,False
18189,EXPRESS,LCR,DSPT,DN,513,False
18189,EXPRESS,DSPT,TNT,DN,521,False
18189,EXPRESS,TNT,KPPR,DN,527,False
18189,EXPRESS,KPPR,MGSJ,DN,535,False
18189,EXPRESS,MGSJ,SA,DN,538,False
18189,EXPRESS,SA,NEA,DN,545,False
18189,EXPRESS,NEA,VRPD,DN,553,False
18189,EXPRESS,VRPD,DVBH,DN,557,False
18189,EXPRESS,DC,MVPM,DN,569,False
18189,EXPRESS,MVPM,SGE,DN,583,False
18189,EXPRESS,SGE,ANU,DN,589,False
18189,EXPRESS,ANU,CV,DN,597,False
18189,EXPRESS,CV,ED,DN,609,False
06009,SUPERFAST,JTJ,TPT,DN,155,False
06009,SUPERFAST,TPT,KEY,DN,160,False
06009,SUPERFAST,KEY,KNNT,DN,169,False
06009,SUPERFAST,KNNT,SLY,DN,173,False
06009,SUPERFAST,SLY,DST,DN,178,False
06009,SUPERFAST,DST,DPI,DN,184,False
06009,SUPERFAST,DPI,MAP,DN,190,False
06009,SUPERFAST,MAP,TNGR,DN,196,False
06009,SUPERFAST,TNGR,BDY,DN,201,False
06009,SUPERFAST,BDY,BQI,DN,205,False
06009,SUPERFAST,BQI,LCR,DN,213,False
06009,SUPERFAST,LCR,DSPT,DN,220,False
06009,SUPERFAST,DSPT,TNT,DN,227,False
06009,SUPERFAST,TNT,KPPR,DN,233,False
06009,SUPERFAST,KPPR,MGSJ,DN,240,False
06009,SUPERFAST,MGSJ,SA,DN,243,False
06009,SUPERFAST,SA,NEA,DN,250,False
06009,SUPERFAST,NEA,VRPD,DN,257,False
06009,SUPERFAST,VRPD,DC,DN,259,False
06009,SUPERFAST,DC,MVPM,DN,269,False
06009,SUPERFAST,MVPM,SGE,DN,280,False
06009,SUPERFAST,SGE,ANU,DN,284,False
06009,SUPERFAST,ANU,CV,DN,291,False
06009,SUPERFAST,CV,ED,DN,300,False
16688-Slip,EXPRESS,JTJ,TPT,DN,305,False
16688-Slip,EXPRESS,TPT,KEY,DN,311,False
16688-Slip,EXPRESS,KEY,KNNT,DN,319,False
16688-Slip,EXPRESS,KNNT,SLY,DN,324,False
16688-Slip,EXPRESS,SLY,DST,DN,328,False
16688-Slip,EXPRESS,DST,DPI,DN,335,False
16688-Slip,EXPRESS,DPI,MAP,DN,341,False
16688-Slip,EXPRESS,MAP,TNGR,DN,347,False
16688-Slip,EXPRESS,TNGR,BDY,DN,351,False
16688-Slip,EXPRESS,BDY,BQI,DN,356,False
16688-Slip,EXPRESS,BQI,LCR,DN,364,False
16688-Slip,EXPRESS,LCR,DSPT,DN,372,False
16688-Slip,EXPRESS,DSPT,TNT,DN,379,False
16688-Slip,EXPRESS,TNT,KPPR,DN,384,False
16688-Slip,EXPRESS,KPPR,MGSJ,DN,392,False
16688-Slip,EXPRESS,MGSJ,SA,DN,394,False
16688-Slip,EXPRESS,SA,NEA,DN,400,False
16688-Slip,EXPRESS,NEA,VRPD,DN,409,False
16688-Slip,EXPRESS,VRPD,DC,DN,412,False
16688-Slip,EXPRESS,DC,MVPM,DN,424,False
16688-Slip,EXPRESS,MVPM,SGE,DN,439,False
16688-Slip,EXPRESS,SGE,ANU,DN,445,False
16688-Slip,EXPRESS,ANU,CV,DN,454,False
16688-Slip,EXPRESS,CV,ED,DN,466,False
12646,EXPRESS,JTJ,TPT,DN,1238,False
12646,EXPRESS,TPT,KEY,DN,1243,False
12646,EXPRESS,KEY,KNNT,DN,1252,False
12646,EXPRESS,KNNT,SLY,DN,1256,False
12646,EXPRESS,SLY,DST,DN,1261,False
12646,EXPRESS,DST,DPI,DN,1267,False
12646,EXPRESS,DPI,MAP,DN,1273,False
12646,EXPRESS,MAP,TNGR,DN,1279,False
12646,EXPRESS,TNGR,BDY,DN,1283,False
12646,EXPRESS,BDY,BQI,DN,1288,False
12646,EXPRESS,BQI,LCR,DN,1296,False
12646,EXPRESS,LCR,DSPT,DN,1303,False
12646,EXPRESS,DSPT,TNT,DN,1310,False
12646,EXPRESS,TNT,KPPR,DN,1315,False
12646,EXPRESS,KPPR,MGSJ,DN,1323,False
12646,EXPRESS,MGSJ,SA,DN,1325,False
12646,EXPRESS,SA,NEA,DN,1330,False
12646,EXPRESS,NEA,VRPD,DN,1338,False
12646,EXPRESS,VRPD,DC,DN,1342,False
12646,EXPRESS,DC,MVPM,DN,1354,False
12646,EXPRESS,MVPM,SGE,DN,1368,False
12646,EXPRESS,SGE,ANU,DN,1374,False
12646,EXPRESS,ANU,CV,DN,1382,False
12646,EXPRESS,CV,ED,DN,1394,False
06005,SUPERFAST,JTJ,TPT,DN,1430,False
06005,SUPERFAST,TPT,KEY,DN,1435,False
06005,SUPERFAST,KEY,KNNT,DN,3,False
06005,SUPERFAST,KNNT,SLY,DN,7,False
06005,SUPERFAST,SLY,DST,DN,12,False
06005,SUPERFAST,DST,DPI,DN,18,False
06005,SUPERFAST,DPI,MAP,DN,24,False
06005,SUPERFAST,MAP,TNGR,DN,29,False
06005,SUPERFAST,TNGR,BDY,DN,33,False
06005,SUPERFAST,BDY,BQI,DN,38,False
06005,SUPERFAST,BQI,LCR,DN,45,False
06005,SUPERFAST,LCR,DSPT,DN,52,False
06005,SUPERFAST,DSPT,TNT,DN,58,False
06005,SUPERFAST,TNT,KPPR,DN,63,False
06005,SUPERFAST,KPPR,MGSJ,DN,71,False
06005,SUPERFAST,MGSJ,SA,DN,73,False
06005,SUPERFAST,SA,NEA,DN,80,False
06005,SUPERFAST,NEA,VRPD,DN,87,False
06005,SUPERFAST,VRPD,DC,DN,89,False
06005,SUPERFAST,DC,MVPM,DN,99,False
06005,SUPERFAST,MVPM,SGE,DN,110,False
06005,SUPERFAST,SGE,ANU,DN,114,False
06005,SUPERFAST,ANU,CV,DN,121,False
06005,SUPERFAST,CV,ED,DN,130,False
06002,SUPERFAST,CV,ED,UP,1285,False
06002,SUPERFAST,ANU,CV,UP,1289,False
06002,SUPERFAST,SGE,ANU,UP,1298,False
06002,SUPERFAST,MVPM,SGE,UP,1305,False
06002,SUPERFAST,DC,MVPM,UP,1310,False
06002,SUPERFAST,VRPD,DC,UP,1320,False
06002,SUPERFAST,NEA,VRPD,UP,1330,False
06002,SUPERFAST,SA,NEA,UP,1332,False
06002,SUPERFAST,MGSJ,SA,UP,1345,False
06002,SUPERFAST,KPPR,MGSJ,UP,1347,False
06002,SUPERFAST,TNT,KPPR,UP,1350,False
06002,SUPERFAST,DSPT,TNT,UP,1357,False
06002,SUPERFAST,LCR,DSPT,UP,1362,False
06002,SUPERFAST,BQI,LCR,UP,1369,False
06002,SUPERFAST,BDY,BQI,UP,1377,False
06002,SUPERFAST,TNGR,BDY,UP,1384,False
06002,SUPERFAST,MAP,TNGR,UP,1389,False
06002,SUPERFAST,DPI,MAP,UP,1393,False
06002,SUPERFAST,DST,DPI,UP,1398,False
06002,SUPERFAST,SLY,DST,UP,1404,False
06002,SUPERFAST,KNNT,SLY,UP,1411,False
06002,SUPERFAST,KEY,KNNT,UP,1415,False
06002,SUPERFAST,TPT,KEY,UP,1420,False
06002,SUPERFAST,JTJ,TPT,UP,1428,False
16359,EXPRESS,CV,ED,UP,305,False
16359,EXPRESS,ANU,CV,UP,309,False
16359,EXPRESS,SGE,ANU,UP,319,False
16359,EXPRESS,MVPM,SGE,UP,326,False
16359,EXPRESS,DC,MVPM,UP,330,False
16359,EXPRESS,DVBH,DC,UP,341,False
16359,EXPRESS,NEA,VRPD,UP,351,False
16359,EXPRESS,SA,NEA,UP,354,False
16359,EXPRESS,MGSJ,SA,UP,365,False
16359,EXPRESS,KPPR,MGSJ,UP,368,False
16359,EXPRESS,TNT,KPPR,UP,371,False
16359,EXPRESS,DSPT,TNT,UP,380,False
16359,EXPRESS,LCR,DSPT,UP,386,False
16359,EXPRESS,BQI,LCR,UP,394,False
16359,EXPRESS,BDY,BQI,UP,403,False
16359,EXPRESS,TNGR,BDY,UP,412,False
16359,EXPRESS,MAP,TNGR,UP,418,False
16359,EXPRESS,DPI,MAP,UP,423,False
16359,EXPRESS,DST,DPI,UP,429,False
16359,EXPRESS,SLY,DST,UP,437,False
16359,EXPRESS,KNNT,SLY,UP,444,False
16359,EXPRESS,KEY,KNNT,UP,450,False
16359,EXPRESS,MOLK,KEY,UP,455,False
16359,EXPRESS,JTJ,TPT,UP,465,False
12244,SUPERFAST,CV,ED,UP,1000,False
12244,SUPERFAST,ANU,CV,UP,1004,False
12244,SUPERFAST,SGE,ANU,UP,1013,False
12244,SUPERFAST,MVPM,SGE,UP,1019,False
12244,SUPERFAST,DC,MVPM,UP,1023,False
12244,SUPERFAST,VRPD,DC,UP,1034,False
12244,SUPERFAST,NEA,VRPD,UP,1042,False
12244,SUPERFAST,SA,NEA,UP,1045,False
12244,SUPERFAST,MGSJ,SA,UP,1051,False
12244,SUPERFAST,KPPR,MGSJ,UP,1053,False
12244,SUPERFAST,TNT,KPPR,UP,1056,False
12244,SUPERFAST,DSPT,TNT,UP,1064,False
12244,SUPERFAST,LCR,DSPT,UP,1070,False
12244,SUPERFAST,BQI,LCR,UP,1078,False
12244,SUPERFAST,BDY,BQI,UP,1086,False
12244,SUPERFAST,TNGR,BDY,UP,1095,False
12244,SUPERFAST,MAP,TNGR,UP,1100,False
12244,SUPERFAST,DPI,MAP,UP,1105,False
12244,SUPERFAST,DST,DPI,UP,1111,False
12244,SUPERFAST,SLY,DST,UP,1118,False
12244,SUPERFAST,KNNT,SLY,UP,1125,False
12244,SUPERFAST,KEY,KNNT,UP,1130,False
12244,SUPERFAST,TPT,KEY,UP,1135,False
12244,SUPERFAST,JTJ,TPT,UP,1144,False
15906,EXPRESS,JTJ,TPT,DN,1075,False
15906,EXPRESS,TPT,MOLK,DN,1081,False
15906,EXPRESS,KEY,KNNT,DN,1090,False
15906,EXPRESS,KNNT,SLY,DN,1095,False
15906,EXPRESS,SLY,DST,DN,1101,False
15906,EXPRESS,DST,DPI,DN,1108,False
15906,EXPRESS,DPI,MAP,DN,1115,False
15906,EXPRESS,MAP,TNGR,DN,1121,False
15906,EXPRESS,TNGR,BDY,DN,1126,False
15906,EXPRESS,BDY,BQI,DN,1132,False
15906,EXPRESS,BQI,LCR,DN,1140,False
15906,EXPRESS,LCR,DSPT,DN,1148,False
15906,EXPRESS,DSPT,TNT,DN,1156,False
15906,EXPRESS,TNT,KPPR,DN,1162,False
15906,EXPRESS,KPPR,MGSJ,DN,1171,False
15906,EXPRESS,MGSJ,SA,DN,1173,False
15906,EXPRESS,SA,NEA,DN,1180,False
15906,EXPRESS,NEA,VRPD,DN,1186,False
15906,EXPRESS,VRPD,DVBH,DN,1189,False
15906,EXPRESS,DC,MVPM,DN,1199,False
15906,EXPRESS,MVPM,SGE,DN,1210,False
15906,EXPRESS,SGE,ANU,DN,1214,False
15906,EXPRESS,ANU,CV,DN,1221,False
15906,EXPRESS,CV,ED,DN,1230,False
12682,EXPRESS,CV,ED,UP,80,False
12682,EXPRESS,ANU,CV,UP,84,False
12682,EXPRESS,SGE,ANU,UP,93,False
12682,EXPRESS,MVPM,SGE,UP,100,False
12682,EXPRESS,DC,MVPM,UP,105,False
12682,EXPRESS,VRPD,DC,UP,116,False
12682,EXPRESS,NEA,VRPD,UP,125,False
12682,EXPRESS,SA,NEA,UP,128,False
12682,EXPRESS,MGSJ,SA,UP,140,False
12682,EXPRESS,KPPR,MGSJ,UP,143,False
12682,EXPRESS,TNT,KPPR,UP,146,False
12682,EXPRESS,DSPT,TNT,UP,155,False
12682,EXPRESS,LCR,DSPT,UP,161,False
12682,EXPRESS,BQI,LCR,UP,169,False
12682,EXPRESS,BDY,BQI,UP,178,False
12682,EXPRESS,TNGR,BDY,UP,187,False
12682,EXPRESS,MAP,TNGR,UP,193,False
12682,EXPRESS,DPI,MAP,UP,198,False
12682,EXPRESS,DST,DPI,UP,205,False
12682,EXPRESS,SLY,DST,UP,212,False
12682,EXPRESS,KNNT,SLY,UP,219,False
12682,EXPRESS,KEY,KNNT,UP,225,False
12682,EXPRESS,TPT,KEY,UP,230,False
12682,EXPRESS,JTJ,TPT,UP,240,False
16309,EXPRESS,CV,ED,UP,1405,False
16309,EXPRESS,ANU,CV,UP,1409,False
16309,EXPRESS,SGE,ANU,UP,1419,False
16309,EXPRESS,MVPM,SGE,UP,1426,False
16309,EXPRESS,DC,MVPM,UP,1430,False
16309,EXPRESS,VRPD,DC,UP,1,False
16309,EXPRESS,NEA,VRPD,UP,11,False
16309,EXPRESS,SA,NEA,UP,14,False
16309,EXPRESS,MGSJ,SA,UP,25,False
16309,EXPRESS,KPPR,MGSJ,UP,28,False
16309,EXPRESS,TNT,KPPR,UP,31,False
16309,EXPRESS,DSPT,TNT,UP,39,False
16309,EXPRESS,LCR,DSPT,UP,45,False
16309,EXPRESS,BQI,LCR,UP,54,False
16309,EXPRESS,BDY,BQI,UP,62,False
16309,EXPRESS,TNGR,BDY,UP,71,False
16309,EXPRESS,MAP,TNGR,UP,77,False
16309,EXPRESS,DPI,MAP,UP,82,False
16309,EXPRESS,DST,DPI,UP,88,False
16309,EXPRESS,SLY,DST,UP,95,False
16309,EXPRESS,KNNT,SLY,UP,103,False
16309,EXPRESS,KEY,KNNT,UP,108,False
16309,EXPRESS,TPT,KEY,UP,113,False
16309,EXPRESS,JTJ,TPT,UP,123,False
16360,EXPRESS,JTJ,TPT,DN,840,False
16360,EXPRESS,TPT,MOLK,DN,845,False
16360,EXPRESS,KEY,KNNT,DN,853,False
16360,EXPRESS,KNNT,SLY,DN,857,False
16360,EXPRESS,SLY,DST,DN,862,False
16360,EXPRESS,DST,DPI,DN,868,False
16360,EXPRESS,DPI,MAP,DN,874,False
16360,EXPRESS,MAP,TNGR,DN,879,False
16360,EXPRESS,TNGR,BDY,DN,883,False
16360,EXPRESS,BDY,BQI,DN,888,False
16360,EXPRESS,BQI,LCR,DN,895,False
16360,EXPRESS,LCR,DSPT,DN,902,False
16360,EXPRESS,DSPT,TNT,DN,909,False
16360,EXPRESS,TNT,KPPR,DN,914,False
16360,EXPRESS,KPPR,MGSJ,DN,921,False
16360,EXPRESS,MGSJ,SA,DN,924,False
16360,EXPRESS,SA,NEA,DN,930,False
16360,EXPRESS,NEA,VRPD,DN,938,False
16360,EXPRESS,VRPD,DVBH,DN,942,False
16360,EXPRESS,DC,MVPM,DN,954,False
16360,EXPRESS,MVPM,SGE,DN,968,False
16360,EXPRESS,SGE,ANU,DN,974,False
16360,EXPRESS,ANU,CV,DN,983,False
16360,EXPRESS,CV,ED,DN,995,False
12508,SUPERFAST,JTJ,TPT,DN,510,False
12508,SUPERFAST,TPT,MOLK,DN,515,False
12508,SUPERFAST,KEY,KNNT,DN,522,False
12508,SUPERFAST,KNNT,SLY,DN,526,False
12508,SUPERFAST,SLY,DST,DN,531,False
12508,SUPERFAST,DST,DPI,DN,536,False
12508,SUPERFAST,DPI,MAP,DN,542,False
12508,SUPERFAST,MAP,TNGR,DN,547,False
12508,SUPERFAST,TNGR,BDY,DN,551,False
12508,SUPERFAST,BDY,BQI,DN,555,False
12508,SUPERFAST,BQI,LCR,DN,562,False
12508,SUPERFAST,LCR,DSPT,DN,569,False
12508,SUPERFAST,DSPT,TNT,DN,575,False
12508,SUPERFAST,TNT,KPPR,DN,580,False
12508,SUPERFAST,KPPR,MGSJ,DN,587,False
12508,SUPERFAST,MGSJ,SA,DN,589,False
12508,SUPERFAST,SA,NEA,DN,595,False
12508,SUPERFAST,NEA,VRPD,DN,603,False
12508,SUPERFAST,VRPD,DVBH,DN,607,False
12508,SUPERFAST,DC,MVPM,DN,619,False
12508,SUPERFAST,MVPM,SGE,DN,633,False
12508,SUPERFAST,SGE,ANU,DN,639,False
12508,SUPERFAST,ANU,CV,DN,648,False
12508,SUPERFAST,CV,ED,DN,660,False
15905,EXPRESS,CV,ED,UP,200,False
15905,EXPRESS,ANU,CV,UP,205,False
15905,EXPRESS,SGE,ANU,UP,214,False
15905,EXPRESS,MVPM,SGE,UP,221,False
15905,EXPRESS,DC,MVPM,UP,226,False
15905,EXPRESS,DVBH,DC,UP,237,False
15905,EXPRESS,NEA,VRPD,UP,247,False
15905,EXPRESS,SA,NEA,UP,250,False
15905,EXPRESS,MGSJ,SA,UP,260,False
15905,EXPRESS,KPPR,MGSJ,UP,263,False
15905,EXPRESS,TNT,KPPR,UP,266,False
15905,EXPRESS,DSPT,TNT,UP,275,False
15905,EXPRESS,LCR,DSPT,UP,281,False
15905,EXPRESS,BQI,LCR,UP,289,False
15905,EXPRESS,BDY,BQI,UP,298,False
15905,EXPRESS,TNGR,BDY,UP,307,False
15905,EXPRESS,MAP,TNGR,UP,313,False
15905,EXPRESS,DPI,MAP,UP,318,False
15905,EXPRESS,DST,DPI,UP,324,False
15905,EXPRESS,SLY,DST,UP,332,False
15905,EXPRESS,KNNT,SLY,UP,339,False
15905,EXPRESS,KEY,KNNT,UP,345,False
15905,EXPRESS,MOLK,KEY,UP,350,False
15905,EXPRESS,JTJ,TPT,UP,360,False
12515,EXPRESS,CV,ED,UP,1405,False
12515,EXPRESS,ANU,CV,UP,1409,False
12515,EXPRESS,SGE,ANU,UP,1419,False
12515,EXPRESS,MVPM,SGE,UP,1426,False
12515,EXPRESS,DC,MVPM,UP,1430,False
12515,EXPRESS,DVBH,DC,UP,1,False
12515,EXPRESS,NEA,VRPD,UP,11,False
12515,EXPRESS,SA,NEA,UP,14,False
12515,EXPRESS,MGSJ,SA,UP,25,False
12515,EXPRESS,KPPR,MGSJ,UP,28,False
12515,EXPRESS,TNT,KPPR,UP,31,False
12515,EXPRESS,DSPT,TNT,UP,39,False
12515,EXPRESS,LCR,DSPT,UP,45,False
12515,EXPRESS,BQI,LCR,UP,54,False
12515,EXPRESS,BDY,BQI,UP,62,False
12515,EXPRESS,TNGR,BDY,UP,71,False
12515,EXPRESS,MAP,TNGR,UP,77,False
12515,EXPRESS,DPI,MAP,UP,82,False
12515,EXPRESS,DST,DPI,UP,88,False
12515,EXPRESS,SLY,DST,UP,95,False
12515,EXPRESS,KNNT,SLY,UP,103,False
12515,EXPRESS,KEY,KNNT,UP,108,False
12515,EXPRESS,MOLK,KEY,UP,113,False
12515,EXPRESS,JTJ,TPT,UP,123,False
13352,EXPRESS,CV,ED,UP,840,False
13352,EXPRESS,ANU,CV,UP,844,False
13352,EXPRESS,SGE,ANU,UP,853,False
13352,EXPRESS,MVPM,SGE,UP,860,False
13352,EXPRESS,DC,MVPM,UP,865,False
13352,EXPRESS,DVBH,DC,UP,876,False
13352,EXPRESS,NEA,VRPD,UP,885,False
13352,EXPRESS,SA,NEA,UP,888,False
13352,EXPRESS,MGSJ,SA,UP,900,False
13352,EXPRESS,KPPR,MGSJ,UP,903,False
13352,EXPRESS,TNT,KPPR,UP,905,False
13352,EXPRESS,DSPT,TNT,UP,913,False
13352,EXPRESS,LCR,DSPT,UP,919,False
13352,EXPRESS,BQI,LCR,UP,926,False
13352,EXPRESS,BDY,BQI,UP,935,False
13352,EXPRESS,TNGR,BDY,UP,942,False
13352,EXPRESS,MAP,TNGR,UP,947,False
13352,EXPRESS,DPI,MAP,UP,952,False
13352,EXPRESS,DST,DPI,UP,957,False
13352,EXPRESS,SLY,DST,UP,963,False
13352,EXPRESS,KNNT,SLY,UP,970,False
13352,EXPRESS,KEY,KNNT,UP,978,False
13352,EXPRESS,MOLK,KEY,UP,985,False
13352,EXPRESS,JTJ,TPT,UP,1000,False
12777,SUPERFAST,JTJ,TPT,DN,1070,False
12777,SUPERFAST,TPT,MOLK,DN,1077,False
12777,SUPERFAST,KEY,KNNT,DN,1087,False
12777,SUPERFAST,KNNT,SLY,DN,1093,False
12777,SUPERFAST,SLY,DST,DN,1099,False
12777,SUPERFAST,DST,DPI,DN,1107,False
12777,SUPERFAST,DPI,MAP,DN,1115,False
12777,SUPERFAST,MAP,TNGR,DN,1122,False
12777,SUPERFAST,TNGR,BDY,DN,1127,False
12777,SUPERFAST,BDY,BQI,DN,1133,False
12777,SUPERFAST,BQI,LCR,DN,1143,False
12777,SUPERFAST,LCR,DSPT,DN,1152,False
12777,SUPERFAST,DSPT,TNT,DN,1161,False
12777,SUPERFAST,TNT,KPPR,DN,1168,False
12777,SUPERFAST,KPPR,MGSJ,DN,1177,False
12777,SUPERFAST,MGSJ,SA,DN,1180,False
12777,SUPERFAST,SA,NEA,DN,1190,False
12777,SUPERFAST,NEA,VRPD,DN,1197,False
12777,SUPERFAST,VRPD,DVBH,DN,1199,False
12777,SUPERFAST,DC,MVPM,DN,1209,False
12777,SUPERFAST,MVPM,SGE,DN,1220,False
12777,SUPERFAST,SGE,ANU,DN,1225,False
12777,SUPERFAST,ANU,CV,DN,1232,False
12777,SUPERFAST,CV,ED,DN,1241,False
16323,EXPRESS,CV,ED,UP,185,False
16323,EXPRESS,ANU,CV,UP,189,False
16323,EXPRESS,SGE,ANU,UP,198,False
16323,EXPRESS,MVPM,SGE,UP,205,False
16323,EXPRESS,DC,MVPM,UP,210,False
16323,EXPRESS,VRPD,DC,UP,220,False
16323,EXPRESS,NEA,VRPD,UP,230,False
16323,EXPRESS,SA,NEA,UP,232,False
16323,EXPRESS,MGSJ,SA,UP,245,False
16323,EXPRESS,KPPR,MGSJ,UP,248,False
16323,EXPRESS,TNT,KPPR,UP,251,False
16323,EXPRESS,DSPT,TNT,UP,260,False
16323,EXPRESS,LCR,DSPT,UP,267,False
16323,EXPRESS,BQI,LCR,UP,275,False
16323,EXPRESS,BDY,BQI,UP,284,False
16323,EXPRESS,TNGR,BDY,UP,294,False
16323,EXPRESS,MAP,TNGR,UP,299,False
16323,EXPRESS,DPI,MAP,UP,305,False
16323,EXPRESS,DST,DPI,UP,312,False
16323,EXPRESS,SLY,DST,UP,319,False
16323,EXPRESS,KNNT,SLY,UP,327,False
16323,EXPRESS,KEY,KNNT,UP,333,False
16323,EXPRESS,TPT,KEY,UP,338,False
16323,EXPRESS,JTJ,TPT,UP,348,False
56846,PASSENGER,CV,ED,UP,980,False
56846,PASSENGER,ANU,CV,UP,987,False
56846,PASSENGER,SGE,ANU,UP,997,False
56846,PASSENGER,MVPM,SGE,UP,1007,False
56846,PASSENGER,DC,MVPM,UP,1015,False
56846,PASSENGER,VRPD,DC,UP,1030,False
56846,PASSENGER,NEA,VRPD,UP,1040,False
56846,PASSENGER,SA,NEA,UP,1046,False
56846,PASSENGER,MGSJ,SA,UP,1060,False
56846,PASSENGER,KPPR,MGSJ,UP,1066,False
56846,PASSENGER,TNT,KPPR,UP,1072,False
56846,PASSENGER,DSPT,TNT,UP,1082,False
56846,PASSENGER,LCR,DSPT,UP,1092,False
56846,PASSENGER,BQI,LCR,UP,1102,False
56846,PASSENGER,BDY,BQI,UP,1112,False
56846,PASSENGER,TNGR,BDY,UP,1121,False
56846,PASSENGER,MAP,TNGR,UP,1127,False
56846,PASSENGER,DPI,MAP,UP,1134,False
56846,PASSENGER,DST,DPI,UP,1142,False
56846,PASSENGER,SLY,DST,UP,1152,False
56846,PASSENGER,KNNT,SLY,UP,1162,False
56846,PASSENGER,KEY,KNNT,UP,1168,False
56846,PASSENGER,TPT,KEY,UP,1175,False
56846,PASSENGER,JTJ,TPT,UP,1190,False
16310,EXPRESS,JTJ,TPT,DN,460,False
16310,EXPRESS,TPT,KEY,DN,466,False
16310,EXPRESS,KEY,KNNT,DN,475,False
16310,EXPRESS,KNNT,SLY,DN,479,False
16310,EXPRESS,SLY,DST,DN,484,False
16310,EXPRESS,DST,DPI,DN,491,False
16310,EXPRESS,DPI,MAP,DN,498,False
16310,EXPRESS,MAP,TNGR,DN,504,False
16310,EXPRESS,TNGR,BDY,DN,509,False
16310,EXPRESS,BDY,BQI,DN,514,False
16310,EXPRESS,BQI,LCR,DN,522,False
16310,EXPRESS,LCR,DSPT,DN,530,False
16310,EXPRESS,DSPT,TNT,DN,537,False
16310,EXPRESS,TNT,KPPR,DN,543,False
16310,EXPRESS,KPPR,MGSJ,DN,551,False
16310,EXPRESS,MGSJ,SA,DN,554,False
16310,EXPRESS,SA,NEA,DN,560,False
16310,EXPRESS,NEA,VRPD,DN,569,False
16310,EXPRESS,VRPD,DC,DN,572,False
16310,EXPRESS,DC,MVPM,DN,585,False
16310,EXPRESS,MVPM,SGE,DN,601,False
16310,EXPRESS,SGE,ANU,DN,607,False
16310,EXPRESS,ANU,CV,DN,616,False
16310,EXPRESS,CV,ED,DN,628,False
16733,EXPRESS,CV,ED,UP,305,False
16733,EXPRESS,ANU,CV,UP,309,False
16733,EXPRESS,SGE,ANU,UP,319,False
16733,EXPRESS,MVPM,SGE,UP,326,False
16733,EXPRESS,DC,MVPM,UP,330,False
16733,EXPRESS,VRPD,DC,UP,341,False
16733,EXPRESS,NEA,VRPD,UP,351,False
16733,EXPRESS,SA,NEA,UP,354,False
16733,EXPRESS,MGSJ,SA,UP,365,False
16733,EXPRESS,KPPR,MGSJ,UP,368,False
16733,EXPRESS,TNT,KPPR,UP,371,False
16733,EXPRESS,DSPT,TNT,UP,380,False
16733,EXPRESS,LCR,DSPT,UP,386,False
16733,EXPRESS,BQI,LCR,UP,394,False
16733,EXPRESS,BDY,BQI,UP,403,False
16733,EXPRESS,TNGR,BDY,UP,412,False
16733,EXPRESS,MAP,TNGR,UP,418,False
16733,EXPRESS,DPI,MAP,UP,423,False
16733,EXPRESS,DST,DPI,UP,429,False
16733,EXPRESS,SLY,DST,UP,437,False
16733,EXPRESS,KNNT,SLY,UP,444,False
16733,EXPRESS,KEY,KNNT,UP,450,False
16733,EXPRESS,TPT,KEY,UP,455,False
16733,EXPRESS,JTJ,TPT,UP,465,False
16318,EXPRESS,JTJ,TPT,DN,305,False
16318,EXPRESS,TPT,KEY,DN,311,False
16318,EXPRESS,KEY,KNNT,DN,319,False
16318,EXPRESS,KNNT,SLY,DN,323,False
16318,EXPRESS,SLY,DST,DN,328,False
16318,EXPRESS,DST,DPI,DN,335,False
16318,EXPRESS,DPI,MAP,DN,341,False
16318,EXPRESS,MAP,TNGR,DN,346,False
16318,EXPRESS,TNGR,BDY,DN,351,False
16318,EXPRESS,BDY,BQI,DN,356,False
16318,EXPRESS,BQI,LCR,DN,363,False
16318,EXPRESS,LCR,DSPT,DN,371,False
16318,EXPRESS,DSPT,TNT,DN,378,False
16318,EXPRESS,TNT,KPPR,DN,384,False
16318,EXPRESS,KPPR,MGSJ,DN,391,False
16318,EXPRESS,MGSJ,SA,DN,394,False
16318,EXPRESS,SA,NEA,DN,400,False
16318,EXPRESS,NEA,VRPD,DN,408,False
16318,EXPRESS,VRPD,DC,DN,412,False
16318,EXPRESS,DC,MVPM,DN,424,False
16318,EXPRESS,MVPM,SGE,DN,438,False
16318,EXPRESS,SGE,ANU,DN,444,False
16318,EXPRESS,ANU,CV,DN,452,False
16318,EXPRESS,CV,ED,DN,464,False
22815,EXPRESS,JTJ,TPT,DN,770,False
22815,EXPRESS,TPT,KEY,DN,775,False
22815,EXPRESS,KEY,KNNT,DN,783,False
22815,EXPRESS,KNNT,SLY,DN,787,False
22815,EXPRESS,SLY,DST,DN,792,False
22815,EXPRESS,DST,DPI,DN,798,False
22815,EXPRESS,DPI,MAP,DN,804,False
22815,EXPRESS,MAP,TNGR,DN,809,False
22815,EXPRESS,TNGR,BDY,DN,813,False
22815,EXPRESS,BDY,BQI,DN,818,False
22815,EXPRESS,BQI,LCR,DN,825,False
22815,EXPRESS,LCR,DSPT,DN,832,False
22815,EXPRESS,DSPT,TNT,DN,839,False
22815,EXPRESS,TNT,KPPR,DN,844,False
22815,EXPRESS,KPPR,MGSJ,DN,851,False
22815,EXPRESS,MGSJ,SA,DN,854,False
22815,EXPRESS,SA,NEA,DN,860,False
22815,EXPRESS,NEA,VRPD,DN,869,False
22815,EXPRESS,VRPD,DC,DN,872,False
22815,EXPRESS,DC,MVPM,DN,885,False
22815,EXPRESS,MVPM,SGE,DN,901,False
22815,EXPRESS,SGE,ANU,DN,907,False
22815,EXPRESS,ANU,CV,DN,916,False
22815,EXPRESS,CV,ED,DN,928,False
12521,EXPRESS,JTJ,TPT,DN,200,False
12521,EXPRESS,TPT,KEY,DN,205,False
12521,EXPRESS,KEY,KNNT,DN,213,False
12521,EXPRESS,KNNT,SLY,DN,217,False
12521,EXPRESS,SLY,DST,DN,222,False
12521,EXPRESS,DST,DPI,DN,228,False
12521,EXPRESS,DPI,MAP,DN,234,False
12521,EXPRESS,MAP,TNGR,DN,239,False
12521,EXPRESS,TNGR,BDY,DN,243,False
12521,EXPRESS,BDY,BQI,DN,248,False
12521,EXPRESS,BQI,LCR,DN,255,False
12521,EXPRESS,LCR,DSPT,DN,262,False
12521,EXPRESS,DSPT,TNT,DN,269,False
12521,EXPRESS,TNT,KPPR,DN,274,False
12521,EXPRESS,KPPR,MGSJ,DN,281,False
12521,EXPRESS,MGSJ,SA,DN,284,False
12521,EXPRESS,SA,NEA,DN,290,False
12521,EXPRESS,NEA,VRPD,DN,299,False
12521,EXPRESS,VRPD,DC,DN,302,False
12521,EXPRESS,DC,MVPM,DN,315,False
12521,EXPRESS,MVPM,SGE,DN,331,False
12521,EXPRESS,SGE,ANU,DN,337,False
12521,EXPRESS,ANU,CV,DN,346,False
12521,EXPRESS,CV,ED,DN,358,False
12673,EXPRESS,JTJ,TPT,DN,80,False
12673,EXPRESS,TPT,KEY,DN,85,False
12673,EXPRESS,KEY,KNNT,DN,93,False
12673,EXPRESS,KNNT,SLY,DN,97,False
12673,EXPRESS,SLY,DST,DN,102,False
12673,EXPRESS,DST,DPI,DN,108,False
12673,EXPRESS,DPI,MAP,DN,114,False
12673,EXPRESS,MAP,TNGR,DN,119,False
12673,EXPRESS,TNGR,BDY,DN,123,False
12673,EXPRESS,BDY,BQI,DN,128,False
12673,EXPRESS,BQI,LCR,DN,135,False
12673,EXPRESS,LCR,DSPT,DN,142,False
12673,EXPRESS,DSPT,TNT,DN,149,False
12673,EXPRESS,TNT,KPPR,DN,154,False
12673,EXPRESS,KPPR,MGSJ,DN,161,False
12673,EXPRESS,MGSJ,SA,DN,164,False
12673,EXPRESS,SA,NEA,DN,170,False
12673,EXPRESS,NEA,VRPD,DN,177,False
12673,EXPRESS,VRPD,DC,DN,180,False
12673,EXPRESS,DC,MVPM,DN,191,False
12673,EXPRESS,MVPM,SGE,DN,203,False
12673,EXPRESS,SGE,ANU,DN,208,False
12673,EXPRESS,ANU,CV,DN,216,False
12673,EXPRESS,CV,ED,DN,225,False
12674,EXPRESS,CV,ED,UP,5,False
12674,EXPRESS,ANU,CV,UP,9,False
12674,EXPRESS,SGE,ANU,UP,17,False
12674,EXPRESS,MVPM,SGE,UP,23,False
12674,EXPRESS,DC,MVPM,UP,27,False
12674,EXPRESS,VRPD,DC,UP,38,False
12674,EXPRESS,NEA,VRPD,UP,46,False
12674,EXPRESS,SA,NEA,UP,49,False
12674,EXPRESS,MGSJ,SA,UP,60,False
12674,EXPRESS,KPPR,MGSJ,UP,63,False
12674,EXPRESS,TNT,KPPR,UP,66,False
12674,EXPRESS,DSPT,TNT,UP,75,False
12674,EXPRESS,LCR,DSPT,UP,81,False
12674,EXPRESS,BQI,LCR,UP,90,False
12674,EXPRESS,BDY,BQI,UP,99,False
12674,EXPRESS,TNGR,BDY,UP,108,False
12674,EXPRESS,MAP,TNGR,UP,114,False
12674,EXPRESS,DPI,MAP,UP,120,False
12674,EXPRESS,DST,DPI,UP,126,False
12674,EXPRESS,SLY,DST,UP,134,False
12674,EXPRESS,KNNT,SLY,UP,141,False
12674,EXPRESS,KEY,KNNT,UP,147,False
12674,EXPRESS,TPT,KEY,UP,153,False
12674,EXPRESS,JTJ,TPT,UP,163,False
16041,EXPRESS,JTJ,TPT,DN,20,False
16041,EXPRESS,TPT,KEY,DN,25,False
16041,EXPRESS,KEY,KNNT,DN,33,False
16041,EXPRESS,KNNT,SLY,DN,37,False
16041,EXPRESS,SLY,DST,DN,42,False
16041,EXPRESS,DST,DPI,DN,48,False
16041,EXPRESS,DPI,MAP,DN,54,False
16041,EXPRESS,MAP,TNGR,DN,59,False
16041,EXPRESS,TNGR,BDY,DN,63,False
16041,EXPRESS,BDY,BQI,DN,68,False
16041,EXPRESS,BQI,LCR,DN,75,False
16041,EXPRESS,LCR,DSPT,DN,82,False
16041,EXPRESS,DSPT,TNT,DN,89,False
16041,EXPRESS,TNT,KPPR,DN,94,False
16041,EXPRESS,KPPR,MGSJ,DN,101,False
16041,EXPRESS,MGSJ,SA,DN,104,False
16041,EXPRESS,SA,NEA,DN,110,False
16041,EXPRESS,NEA,VRPD,DN,117,False
16041,EXPRESS,VRPD,DC,DN,120,False
16041,EXPRESS,DC,MVPM,DN,131,False
16041,EXPRESS,MVPM,SGE,DN,143,False
16041,EXPRESS,SGE,ANU,DN,148,False
16041,EXPRESS,ANU,CV,DN,156,False
16041,EXPRESS,CV,ED,DN,165,False
12778,SUPERFAST,CV,ED,UP,1365,False
12778,SUPERFAST,ANU,CV,UP,1369,False
12778,SUPERFAST,SGE,ANU,UP,1377,False
12778,SUPERFAST,MVPM,SGE,UP,1383,False
12778,SUPERFAST,DC,MVPM,UP,1387,False
12778,SUPERFAST,DVBH,DC,UP,1398,False
12778,SUPERFAST,NEA,VRPD,UP,1406,False
12778,SUPERFAST,SA,NEA,UP,1409,False
12778,SUPERFAST,MGSJ,SA,UP,1420,False
12778,SUPERFAST,KPPR,MGSJ,UP,1423,False
12778,SUPERFAST,TNT,KPPR,UP,1426,False
12778,SUPERFAST,DSPT,TNT,UP,1435,False
12778,SUPERFAST,LCR,DSPT,UP,1,False
12778,SUPERFAST,BQI,LCR,UP,10,False
12778,SUPERFAST,BDY,BQI,UP,19,False
12778,SUPERFAST,TNGR,BDY,UP,28,False
12778,SUPERFAST,MAP,TNGR,UP,34,False
12778,SUPERFAST,DPI,MAP,UP,40,False
12778,SUPERFAST,DST,DPI,UP,46,False
12778,SUPERFAST,SLY,DST,UP,54,False
12778,SUPERFAST,KNNT,SLY,UP,61,False
12778,SUPERFAST,KEY,KNNT,UP,67,False
12778,SUPERFAST,MOLK,KEY,UP,72,False
12778,SUPERFAST,JTJ,TPT,UP,82,False
16042,EXPRESS,CV,ED,UP,1415,False
16042,EXPRESS,ANU,CV,UP,1419,False
16042,EXPRESS,SGE,ANU,UP,1428,False
16042,EXPRESS,MVPM,SGE,UP,1435,False
16042,EXPRESS,DC,MVPM,UP,0,False
16042,EXPRESS,VRPD,DC,UP,11,False
16042,EXPRESS,NEA,VRPD,UP,20,False
16042,EXPRESS,SA,NEA,UP,23,False
16042,EXPRESS,MGSJ,SA,UP,35,False
16042,EXPRESS,KPPR,MGSJ,UP,38,False
16042,EXPRESS,TNT,KPPR,UP,41,False
16042,EXPRESS,DSPT,TNT,UP,50,False
16042,EXPRESS,LCR,DSPT,UP,56,False
16042,EXPRESS,BQI,LCR,UP,65,False
16042,EXPRESS,BDY,BQI,UP,74,False
16042,EXPRESS,TNGR,BDY,UP,83,False
16042,EXPRESS,MAP,TNGR,UP,89,False
16042,EXPRESS,DPI,MAP,UP,95,False
16042,EXPRESS,DST,DPI,UP,101,False
16042,EXPRESS,SLY,DST,UP,109,False
16042,EXPRESS,KNNT,SLY,UP,116,False
16042,EXPRESS,KEY,KNNT,UP,122,False
16042,EXPRESS,TPT,KEY,UP,128,False
16042,EXPRESS,JTJ,TPT,UP,138,False
13351,EXPRESS,JTJ,TPT,DN,440,False
13351,EXPRESS,TPT,MOLK,DN,452,False
13351,EXPRESS,KEY,KNNT,DN,458,False
13351,EXPRESS,KNNT,SLY,DN,461,False
13351,EXPRESS,SLY,DST,DN,465,False
13351,EXPRESS,DST,DPI,DN,472,False
13351,EXPRESS,DPI,MAP,DN,479,False
13351,EXPRESS,MAP,TNGR,DN,486,False
13351,EXPRESS,TNGR,BDY,DN,491,False
13351,EXPRESS,BDY,BQI,DN,496,False
13351,EXPRESS,BQI,LCR,DN,505,False
13351,EXPRESS,LCR,DSPT,DN,513,False
13351,EXPRESS,DSPT,TNT,DN,521,False
13351,EXPRESS,TNT,KPPR,DN,527,False
13351,EXPRESS,KPPR,MGSJ,DN,535,False
13351,EXPRESS,MGSJ,SA,DN,538,False
13351,EXPRESS,SA,NEA,DN,545,False
13351,EXPRESS,NEA,VRPD,DN,553,False
13351,EXPRESS,VRPD,DVBH,DN,557,False
13351,EXPRESS,DC,MVPM,DN,569,False
13351,EXPRESS,MVPM,SGE,DN,583,False
13351,EXPRESS,SGE,ANU,DN,589,False
13351,EXPRESS,ANU,CV,DN,597,False
13351,EXPRESS,CV,ED,DN,609,False
06007,SUPERFAST,JTJ,TPT,DN,1100,False
06007,SUPERFAST,TPT,KEY,DN,1105,False
06007,SUPERFAST,KEY,KNNT,DN,1114,False
06007,SUPERFAST,KNNT,SLY,DN,1118,False
06007,SUPERFAST,SLY,DST,DN,1123,False
06007,SUPERFAST,DST,DPI,DN,1129,False
06007,SUPERFAST,DPI,MAP,DN,1135,False
06007,SUPERFAST,MAP,TNGR,DN,1141,False
06007,SUPERFAST,TNGR,BDY,DN,1146,False
06007,SUPERFAST,BDY,BQI,DN,1150,False
06007,SUPERFAST,BQI,LCR,DN,1158,False
06007,SUPERFAST,LCR,DSPT,DN,1165,False
06007,SUPERFAST,DSPT,TNT,DN,1172,False
06007,SUPERFAST,TNT,KPPR,DN,1178,False
06007,SUPERFAST,KPPR,MGSJ,DN,1185,False
06007,SUPERFAST,MGSJ,SA,DN,1188,False
06007,SUPERFAST,SA,NEA,DN,1195,False
06007,SUPERFAST,NEA,VRPD,DN,1202,False
06007,SUPERFAST,VRPD,DC,DN,1204,False
06007,SUPERFAST,DC,MVPM,DN,1214,False
06007,SUPERFAST,MVPM,SGE,DN,1225,False
06007,SUPERFAST,SGE,ANU,DN,1229,False
06007,SUPERFAST,ANU,CV,DN,1236,False
06007,SUPERFAST,CV,ED,DN,1245,False
12697,EXPRESS,JTJ,TPT,DN,1100,False
12697,EXPRESS,TPT,KEY,DN,1105,False
12697,EXPRESS,KEY,KNNT,DN,1113,False
12697,EXPRESS,KNNT,SLY,DN,1117,False
12697,EXPRESS,SLY,DST,DN,1122,False
12697,EXPRESS,DST,DPI,DN,1128,False
12697,EXPRESS,DPI,MAP,DN,1134,False
12697,EXPRESS,MAP,TNGR,DN,1139,False
12697,EXPRESS,TNGR,BDY,DN,1143,False
12697,EXPRESS,BDY,BQI,DN,1148,False
12697,EXPRESS,BQI,LCR,DN,1155,False
12697,EXPRESS,LCR,DSPT,DN,1162,False
12697,EXPRESS,DSPT,TNT,DN,1168,False
12697,EXPRESS,TNT,KPPR,DN,1173,False
12697,EXPRESS,KPPR,MGSJ,DN,1181,False
12697,EXPRESS,MGSJ,SA,DN,1183,False
12697,EXPRESS,SA,NEA,DN,1190,False
12697,EXPRESS,NEA,VRPD,DN,1197,False
12697,EXPRESS,VRPD,DC,DN,1199,False
12697,EXPRESS,DC,MVPM,DN,1209,False
12697,EXPRESS,MVPM,SGE,DN,1220,False
12697,EXPRESS,SGE,ANU,DN,1224,False
12697,EXPRESS,ANU,CV,DN,1231,False
12697,EXPRESS,CV,ED,DN,1240,False
12689,SUPERFAST,JTJ,TPT,DN,1285,False
12689,SUPERFAST,TPT,MOLK,DN,1300,False
12689,SUPERFAST,KEY,KNNT,DN,1307,False
12689,SUPERFAST,KNNT,SLY,DN,1311,False
12689,SUPERFAST,SLY,DST,DN,1315,False
12689,SUPERFAST,DST,DPI,DN,1320,False
12689,SUPERFAST,DPI,MAP,DN,1325,False
12689,SUPERFAST,MAP,TNGR,DN,1330,False
12689,SUPERFAST,TNGR,BDY,DN,1336,False
12689,SUPERFAST,BDY,BQI,DN,1342,False
12689,SUPERFAST,BQI,LCR,DN,1351,False
12689,SUPERFAST,LCR,DSPT,DN,1360,False
12689,SUPERFAST,DSPT,TNT,DN,1369,False
12689,SUPERFAST,TNT,KPPR,DN,1375,False
12689,SUPERFAST,KPPR,MGSJ,DN,1384,False
12689,SUPERFAST,MGSJ,SA,DN,1387,False
12689,SUPERFAST,SA,NEA,DN,1395,False
12689,SUPERFAST,NEA,VRPD,DN,1403,False
12689,SUPERFAST,VRPD,DVBH,DN,1406,False
12689,SUPERFAST,DC,MVPM,DN,1417,False
12689,SUPERFAST,MVPM,SGE,DN,1431,False
12689,SUPERFAST,SGE,ANU,DN,1436,False
12689,SUPERFAST,ANU,CV,DN,4,False
12689,SUPERFAST,CV,ED,DN,15,False
16382,EXPRESS,CV,ED,UP,1205,False
16382,EXPRESS,ANU,CV,UP,1209,False
16382,EXPRESS,SGE,ANU,UP,1218,False
16382,EXPRESS,MVPM,SGE,UP,1225,False
16382,EXPRESS,DC,MVPM,UP,1230,False
16382,EXPRESS,VRPD,DC,UP,1241,False
16382,EXPRESS,NEA,VRPD,UP,1250,False
16382,EXPRESS,SA,NEA,UP,1253,False
16382,EXPRESS,MGSJ,SA,UP,1265,False
16382,EXPRESS,KPPR,MGSJ,UP,1268,False
16382,EXPRESS,TNT,KPPR,UP,1272,False
16382,EXPRESS,DSPT,TNT,UP,1283,False
16382,EXPRESS,LCR,DSPT,UP,1291,False
16382,EXPRESS,BQI,LCR,UP,1301,False
16382,EXPRESS,BDY,BQI,UP,1312,False
16382,EXPRESS,TNGR,BDY,UP,1323,False
16382,EXPRESS,MAP,TNGR,UP,1330,False
16382,EXPRESS,DPI,MAP,UP,1337,False
16382,EXPRESS,DST,DPI,UP,1345,False
16382,EXPRESS,SLY,DST,UP,1354,False
16382,EXPRESS,KNNT,SLY,UP,1363,False
16382,EXPRESS,KEY,KNNT,UP,1370,False
16382,EXPRESS,TPT,KEY,UP,1376,False
16382,EXPRESS,JTJ,TPT,UP,1388,False
06001,SUPERFAST,JTJ,TPT,DN,1100,False
06001,SUPERFAST,TPT,KEY,DN,1105,False
06001,SUPERFAST,KEY,KNNT,DN,1114,False
06001,SUPERFAST,KNNT,SLY,DN,1118,False
06001,SUPERFAST,SLY,DST,DN,1123,False
06001,SUPERFAST,DST,DPI,DN,1129,False
06001,SUPERFAST,DPI,MAP,DN,1135,False
06001,SUPERFAST,MAP,TNGR,DN,1141,False
06001,SUPERFAST,TNGR,BDY,DN,1146,False
06001,SUPERFAST,BDY,BQI,DN,1150,False
06001,SUPERFAST,BQI,LCR,DN,1158,False
06001,SUPERFAST,LCR,DSPT,DN,1165,False
06001,SUPERFAST,DSPT,TNT,DN,1172,False
06001,SUPERFAST,TNT,KPPR,DN,1178,False
06001,SUPERFAST,KPPR,MGSJ,DN,1185,False
06001,SUPERFAST,MGSJ,SA,DN,1188,False
06001,SUPERFAST,SA,NEA,DN,1195,False
06001,SUPERFAST,NEA,VRPD,DN,1202,False
06001,SUPERFAST,VRPD,DC,DN,1204,False
06001,SUPERFAST,DC,MVPM,DN,1214,False
06001,SUPERFAST,MVPM,SGE,DN,1225,False
06001,SUPERFAST,SGE,ANU,DN,1229,False
06001,SUPERFAST,ANU,CV,DN,1236,False
06001,SUPERFAST,CV,ED,DN,1245,False
12660,EXPRESS,JTJ,TPT,DN,415,False
12660,EXPRESS,TPT,KEY,DN,421,False
12660,EXPRESS,KEY,KNNT,DN,429,False
12660,EXPRESS,KNNT,SLY,DN,433,False
12660,EXPRESS,SLY,DST,DN,438,False
12660,EXPRESS,DST,DPI,DN,445,False
12660,EXPRESS,DPI,MAP,DN,451,False
12660,EXPRESS,MAP,TNGR,DN,456,False
12660,EXPRESS,TNGR,BDY,DN,461,False
12660,EXPRESS,BDY,BQI,DN,466,False
12660,EXPRESS,BQI,LCR,DN,473,False
12660,EXPRESS,LCR,DSPT,DN,481,False
12660,EXPRESS,DSPT,TNT,DN,488,False
12660,EXPRESS,TNT,KPPR,DN,494,False
12660,EXPRESS,KPPR,MGSJ,DN,501,False
12660,EXPRESS,MGSJ,SA,DN,504,False
12660,EXPRESS,SA,NEA,DN,510,False
12660,EXPRESS,NEA,VRPD,DN,518,False
12660,EXPRESS,VRPD,DC,DN,522,False
12660,EXPRESS,DC,MVPM,DN,534,False
12660,EXPRESS,MVPM,SGE,DN,548,False
12660,EXPRESS,SGE,ANU,DN,554,False
12660,EXPRESS,ANU,CV,DN,563,False
12660,EXPRESS,CV,ED,DN,575,False
16326,EXPRESS,CV,ED,UP,1030,False
16326,EXPRESS,ANU,CV,UP,1034,False
16326,EXPRESS,SGE,ANU,UP,1043,False
16326,EXPRESS,MVPM,SGE,UP,1050,False
16326,EXPRESS,DC,MVPM,UP,1055,False
16326,EXPRESS,VRPD,DC,UP,1066,False
16326,EXPRESS,NEA,VRPD,UP,1075,False
16326,EXPRESS,SA,NEA,UP,1078,False
16326,EXPRESS,MGSJ,SA,UP,1090,False
16326,EXPRESS,KPPR,MGSJ,UP,1093,False
16326,EXPRESS,TNT,KPPR,UP,1095,False
16326,EXPRESS,DSPT,TNT,UP,1104,False
16326,EXPRESS,LCR,DSPT,UP,1109,False
16326,EXPRESS,BQI,LCR,UP,1117,False
16326,EXPRESS,BDY,BQI,UP,1125,False
16326,EXPRESS,TNGR,BDY,UP,1134,False
16326,EXPRESS,MAP,TNGR,UP,1139,False
16326,EXPRESS,DPI,MAP,UP,1144,False
16326,EXPRESS,DST,DPI,UP,1150,False
16326,EXPRESS,SLY,DST,UP,1157,False
16326,EXPRESS,KNNT,SLY,UP,1164,False
16326,EXPRESS,KEY,KNNT,UP,1169,False
16326,EXPRESS,TPT,KEY,UP,1174,False
16326,EXPRESS,JTJ,TPT,UP,1183,False
56845,PASSENGER,JTJ,TPT,DN,340,False
56845,PASSENGER,TPT,KEY,DN,351,False
56845,PASSENGER,KEY,KNNT,DN,365,False
56845,PASSENGER,KNNT,SLY,DN,370,False
56845,PASSENGER,SLY,DST,DN,378,False
56845,PASSENGER,DST,DPI,DN,388,False
56845,PASSENGER,DPI,MAP,DN,398,False
56845,PASSENGER,MAP,TNGR,DN,407,False
56845,PASSENGER,TNGR,BDY,DN,414,False
56845,PASSENGER,BDY,BQI,DN,422,False
56845,PASSENGER,BQI,LCR,DN,434,False
56845,PASSENGER,LCR,DSPT,DN,443,False
56845,PASSENGER,DSPT,TNT,DN,452,False
56845,PASSENGER,TNT,KPPR,DN,460,False
56845,PASSENGER,KPPR,MGSJ,DN,470,False
56845,PASSENGER,MGSJ,SA,DN,481,False
56845,PASSENGER,SA,NEA,DN,495,False
56845,PASSENGER,NEA,VRPD,DN,500,False
56845,PASSENGER,VRPD,DC,DN,508,False
56845,PASSENGER,DC,MVPM,DN,520,False
56845,PASSENGER,MVPM,SGE,DN,535,False
56845,PASSENGER,SGE,ANU,DN,545,False
56845,PASSENGER,ANU,CV,DN,555,False
56845,PASSENGER,CV,ED,DN,565,False
12672,EXPRESS,CV,ED,UP,1350,False
12672,EXPRESS,ANU,CV,UP,1354,False
12672,EXPRESS,SGE,ANU,UP,1364,False
12672,EXPRESS,MVPM,SGE,UP,1371,False
12672,EXPRESS,DC,MVPM,UP,1375,False
12672,EXPRESS,VRPD,DC,UP,1386,False
12672,EXPRESS,NEA,VRPD,UP,1396,False
12672,EXPRESS,SA,NEA,UP,1399,False
12672,EXPRESS,MGSJ,SA,UP,1410,False
12672,EXPRESS,KPPR,MGSJ,UP,1413,False
12672,EXPRESS,TNT,KPPR,UP,1415,False
12672,EXPRESS,DSPT,TNT,UP,1424,False
12672,EXPRESS,LCR,DSPT,UP,1430,False
12672,EXPRESS,BQI,LCR,UP,1438,False
12672,EXPRESS,BDY,BQI,UP,7,False
12672,EXPRESS,TNGR,BDY,UP,15,False
12672,EXPRESS,MAP,TNGR,UP,21,False
12672,EXPRESS,DPI,MAP,UP,26,False
12672,EXPRESS,DST,DPI,UP,32,False
12672,EXPRESS,SLY,DST,UP,39,False
12672,EXPRESS,KNNT,SLY,UP,47,False
12672,EXPRESS,KEY,KNNT,UP,52,False
12672,EXPRESS,TPT,KEY,UP,57,False
12672,EXPRESS,JTJ,TPT,UP,67,False
16317,EXPRESS,CV,ED,UP,185,False
16317,EXPRESS,ANU,CV,UP,189,False
16317,EXPRESS,SGE,ANU,UP,198,False
16317,EXPRESS,MVPM,SGE,UP,205,False
16317,EXPRESS,DC,MVPM,UP,210,False
16317,EXPRESS,VRPD,DC,UP,221,False
16317,EXPRESS,NEA,VRPD,UP,230,False
16317,EXPRESS,SA,NEA,UP,233,False
16317,EXPRESS,MGSJ,SA,UP,245,False
16317,EXPRESS,KPPR,MGSJ,UP,248,False
16317,EXPRESS,TNT,KPPR,UP,251,False
16317,EXPRESS,DSPT,TNT,UP,260,False
16317,EXPRESS,LCR,DSPT,UP,267,False
16317,EXPRESS,BQI,LCR,UP,275,False
16317,EXPRESS,BDY,BQI,UP,285,False
16317,EXPRESS,TNGR,BDY,UP,294,False
16317,EXPRESS,MAP,TNGR,UP,300,False
16317,EXPRESS,DPI,MAP,UP,306,False
16317,EXPRESS,DST,DPI,UP,312,False
16317,EXPRESS,SLY,DST,UP,320,False
16317,EXPRESS,KNNT,SLY,UP,328,False
16317,EXPRESS,KEY,KNNT,UP,334,False
16317,EXPRESS,TPT,KEY,UP,339,False
16317,EXPRESS,JTJ,TPT,UP,349,False
16328,EXPRESS,CV,ED,UP,1030,False
16328,EXPRESS,ANU,CV,UP,1034,False
16328,EXPRESS,SGE,ANU,UP,1043,False
16328,EXPRESS,MVPM,SGE,UP,1050,False
16328,EXPRESS,DC,MVPM,UP,1055,False
16328,EXPRESS,VRPD,DC,UP,1066,False
16328,EXPRESS,NEA,VRPD,UP,1076,False
16328,EXPRESS,SA,NEA,UP,1078,False
16328,EXPRESS,MGSJ,SA,UP,1090,False
16328,EXPRESS,KPPR,MGSJ,UP,1093,False
16328,EXPRESS,TNT,KPPR,UP,1095,False
16328,EXPRESS,DSPT,TNT,UP,1103,False
16328,EXPRESS,LCR,DSPT,UP,1109,False
16328,EXPRESS,BQI,LCR,UP,1117,False
16328,EXPRESS,BDY,BQI,UP,1125,False
16328,EXPRESS,TNGR,BDY,UP,1133,False
16328,EXPRESS,MAP,TNGR,UP,1139,False
16328,EXPRESS,DPI,MAP,UP,1144,False
16328,EXPRESS,DST,DPI,UP,1149,False
16328,EXPRESS,SLY,DST,UP,1156,False
16328,EXPRESS,KNNT,SLY,UP,1163,False
16328,EXPRESS,KEY,KNNT,UP,1168,False
16328,EXPRESS,TPT,KEY,UP,1173,False
16328,EXPRESS,JTJ,TPT,UP,1182,False
06010,SUPERFAST,CV,ED,UP,410,False
06010,SUPERFAST,ANU,CV,UP,414,False
06010,SUPERFAST,SGE,ANU,UP,423,False
06010,SUPERFAST,MVPM,SGE,UP,430,False
06010,SUPERFAST,DC,MVPM,UP,435,False
06010,SUPERFAST,VRPD,DC,UP,445,False
06010,SUPERFAST,NEA,VRPD,UP,455,False
06010,SUPERFAST,SA,NEA,UP,457,False
06010,SUPERFAST,MGSJ,SA,UP,470,False
06010,SUPERFAST,KPPR,MGSJ,UP,472,False
06010,SUPERFAST,TNT,KPPR,UP,475,False
06010,SUPERFAST,DSPT,TNT,UP,483,False
06010,SUPERFAST,LCR,DSPT,UP,488,False
06010,SUPERFAST,BQI,LCR,UP,495,False
06010,SUPERFAST,BDY,BQI,UP,503,False
06010,SUPERFAST,TNGR,BDY,UP,511,False
06010,SUPERFAST,MAP,TNGR,UP,516,False
06010,SUPERFAST,DPI,MAP,UP,521,False
06010,SUPERFAST,DST,DPI,UP,526,False
06010,SUPERFAST,SLY,DST,UP,533,False
06010,SUPERFAST,KNNT,SLY,UP,539,False
06010,SUPERFAST,KEY,KNNT,UP,544,False
06010,SUPERFAST,TPT,KEY,UP,549,False
06010,SUPERFAST,JTJ,TPT,UP,557,False
06004,EXPRESS,CV,ED,UP,200,False
06004,EXPRESS,ANU,CV,UP,205,False
06004,EXPRESS,SGE,ANU,UP,214,False
06004,EXPRESS,MVPM,SGE,UP,221,False
06004,EXPRESS,DC,MVPM,UP,226,False
06004,EXPRESS,VRPD,DC,UP,237,False
06004,EXPRESS,NEA,VRPD,UP,247,False
06004,EXPRESS,SA,NEA,UP,250,False
06004,EXPRESS,MGSJ,SA,UP,260,False
06004,EXPRESS,KPPR,MGSJ,UP,263,False
06004,EXPRESS,TNT,KPPR,UP,267,False
06004,EXPRESS,DSPT,TNT,UP,277,False
06004,EXPRESS,LCR,DSPT,UP,284,False
06004,EXPRESS,BQI,LCR,UP,294,False
06004,EXPRESS,BDY,BQI,UP,305,False
06004,EXPRESS,TNGR,BDY,UP,315,False
06004,EXPRESS,MAP,TNGR,UP,322,False
06004,EXPRESS,DPI,MAP,UP,328,False
06004,EXPRESS,DST,DPI,UP,336,False
06004,EXPRESS,SLY,DST,UP,344,False
06004,EXPRESS,KNNT,SLY,UP,353,False
06004,EXPRESS,KEY,KNNT,UP,360,False
06004,EXPRESS,TPT,KEY,UP,366,False
06004,EXPRESS,JTJ,TPT,UP,378,False
06011,SUPERFAST,JTJ,TPT,DN,1100,False
06011,SUPERFAST,TPT,KEY,DN,1105,False
06011,SUPERFAST,KEY,KNNT,DN,1114,False
06011,SUPERFAST,KNNT,SLY,DN,1118,False
06011,SUPERFAST,SLY,DST,DN,1123,False
06011,SUPERFAST,DST,DPI,DN,1129,False
06011,SUPERFAST,DPI,MAP,DN,1135,False
06011,SUPERFAST,MAP,TNGR,DN,1141,False
06011,SUPERFAST,TNGR,BDY,DN,1146,False
06011,SUPERFAST,BDY,BQI,DN,1150,False
06011,SUPERFAST,BQI,LCR,DN,1158,False
06011,SUPERFAST,LCR,DSPT,DN,1165,False
06011,SUPERFAST,DSPT,TNT,DN,1172,False
06011,SUPERFAST,TNT,KPPR,DN,1178,False
06011,SUPERFAST,KPPR,MGSJ,DN,1185,False
06011,SUPERFAST,MGSJ,SA,DN,1188,False
06011,SUPERFAST,SA,NEA,DN,1195,False
06011,SUPERFAST,NEA,VRPD,DN,1202,False
06011,SUPERFAST,VRPD,DC,DN,1204,False
06011,SUPERFAST,DC,MVPM,DN,1214,False
06011,SUPERFAST,MVPM,SGE,DN,1225,False
06011,SUPERFAST,SGE,ANU,DN,1229,False
06011,SUPERFAST,ANU,CV,DN,1236,False
06011,SUPERFAST,CV,ED,DN,1245,False
06008,SUPERFAST,CV,ED,UP,1285,False
06008,SUPERFAST,ANU,CV,UP,1289,False
06008,SUPERFAST,SGE,ANU,UP,1298,False
06008,SUPERFAST,MVPM,SGE,UP,1305,False
06008,SUPERFAST,DC,MVPM,UP,1310,False
06008,SUPERFAST,VRPD,DC,UP,1320,False
06008,SUPERFAST,NEA,VRPD,UP,1330,False
06008,SUPERFAST,SA,NEA,UP,1332,False
06008,SUPERFAST,MGSJ,SA,UP,1345,False
06008,SUPERFAST,KPPR,MGSJ,UP,1347,False
06008,SUPERFAST,TNT,KPPR,UP,1350,False
06008,SUPERFAST,DSPT,TNT,UP,1357,False
06008,SUPERFAST,LCR,DSPT,UP,1362,False
06008,SUPERFAST,BQI,LCR,UP,1369,False
06008,SUPERFAST,BDY,BQI,UP,1377,False
06008,SUPERFAST,TNGR,BDY,UP,1384,False
06008,SUPERFAST,MAP,TNGR,UP,1389,False
06008,SUPERFAST,DPI,MAP,UP,1393,False
06008,SUPERFAST,DST,DPI,UP,1398,False
06008,SUPERFAST,SLY,DST,UP,1404,False
06008,SUPERFAST,KNNT,SLY,UP,1411,False
06008,SUPERFAST,KEY,KNNT,UP,1415,False
06008,SUPERFAST,TPT,KEY,UP,1420,False
06008,SUPERFAST,JTJ,TPT,UP,1428,False
F00001,FREIGHT,JTJ,TPT,UP,625,True
F00002,FREIGHT,JTJ,TPT,UP,1131,True
F00003,FREIGHT,JTJ,TPT,UP,91,True
F00004,FREIGHT,JTJ,TPT,UP,1258,True
F00005,FREIGHT,JTJ,TPT,UP,1230,True
F00006,FREIGHT,JTJ,TPT,UP,607,True
F00007,FREIGHT,JTJ,TPT,UP,430,True
F00008,FREIGHT,JTJ,TPT,UP,1015,True
F00009,FREIGHT,JTJ,TPT,UP,1292,True
F00010,FREIGHT,JTJ,TPT,DN,806,True
F00011,FREIGHT,JTJ,TPT,DN,51,True
F00012,FREIGHT,JTJ,TPT,DN,949,True
F00013,FREIGHT,JTJ,TPT,DN,1242,True
F00014,FREIGHT,JTJ,TPT,DN,1401,True
F00015,FREIGHT,TPT,MOLK,UP,1245,True
F00016,FREIGHT,TPT,MOLK,UP,671,True
F00017,FREIGHT,TPT,MOLK,UP,32,True
F00018,FREIGHT,TPT,MOLK,UP,1089,True
F00019,FREIGHT,TPT,MOLK,UP,1161,True
F00020,FREIGHT,TPT,MOLK,UP,358,True
F00021,FREIGHT,TPT,MOLK,UP,424,True
F00022,FREIGHT,TPT,MOLK,UP,148,True
F00023,FREIGHT,TPT,MOLK,DN,679,True
F00024,FREIGHT,TPT,MOLK,DN,1033,True
F00025,FREIGHT,TPT,MOLK,DN,609,True
F00026,FREIGHT,TPT,MOLK,DN,1129,True
F00027,FREIGHT,TPT,MOLK,DN,346,True
F00028,FREIGHT,TPT,MOLK,DN,1309,True
F00029,FREIGHT,TPT,MOLK,DN,533,True
F00030,FREIGHT,TPT,MOLK,DN,1097,True
F00031,FREIGHT,MOLK,KEY,UP,168,True
F00032,FREIGHT,MOLK,KEY,UP,1200,True
F00033,FREIGHT,MOLK,KEY,UP,1048,True
F00034,FREIGHT,MOLK,KEY,UP,1242,True
F00035,FREIGHT,MOLK,KEY,UP,690,True
F00036,FREIGHT,MOLK,KEY,UP,154,True
F00037,FREIGHT,MOLK,KEY,UP,86,True
F00038,FREIGHT,MOLK,KEY,UP,700,True
F00039,FREIGHT,MOLK,KEY,UP,784,True
F00040,FREIGHT,MOLK,KEY,DN,825,True
F00041,FREIGHT,MOLK,KEY,DN,827,True
F00042,FREIGHT,MOLK,KEY,DN,18,True
F00043,FREIGHT,MOLK,KEY,DN,658,True
F00044,FREIGHT,MOLK,KEY,DN,492,True
F00045,FREIGHT,MOLK,KEY,DN,1262,True
F00046,FREIGHT,MOLK,KEY,DN,14,True
F00047,FREIGHT,MOLK,KEY,DN,295,True
F00048,FREIGHT,KEY,KNNT,UP,797,True
F00049,FREIGHT,KEY,KNNT,UP,1259,True
F00050,FREIGHT,KEY,KNNT,UP,519,True
F00051,FREIGHT,KEY,KNNT,UP,1279,True
F00052,FREIGHT,KEY,KNNT,UP,10,True
F00053,FREIGHT,KEY,KNNT,UP,106,True
F00054,FREIGHT,KEY,KNNT,UP,703,True
F00055,FREIGHT,KEY,KNNT,UP,174,True
F00056,FREIGHT,KEY,KNNT,UP,150,True
F00057,FREIGHT,KEY,KNNT,UP,1109,True
F00058,FREIGHT,KEY,KNNT,DN,326,True
F00059,FREIGHT,KEY,KNNT,DN,936,True
F00060,FREIGHT,KEY,KNNT,DN,81,True
F00061,FREIGHT,KEY,KNNT,DN,80,True
F00062,FREIGHT,KEY,KNNT,DN,1377,True
F00063,FREIGHT,KEY,KNNT,DN,1107,True
F00064,FREIGHT,KEY,KNNT,DN,1395,True
F00065,FREIGHT,KEY,KNNT,DN,1215,True
F00066,FREIGHT,KNNT,SLY,UP,283,True
F00067,FREIGHT,KNNT,SLY,UP,86,True
F00068,FREIGHT,KNNT,SLY,UP,714,True
F00069,FREIGHT,KNNT,SLY,UP,163,True
F00070,FREIGHT,KNNT,SLY,UP,798,True
F00071,FREIGHT,KNNT,SLY,DN,1261,True
F00072,FREIGHT,KNNT,SLY,DN,1185,True
F00073,FREIGHT,KNNT,SLY,DN,618,True
F00074,FREIGHT,KNNT,SLY,DN,817,True
F00075,FREIGHT,KNNT,SLY,DN,997,True
F00076,FREIGHT,KNNT,SLY,DN,545,True
F00077,FREIGHT,SLY,DST,UP,671,True
F00078,FREIGHT,SLY,DST,UP,139,True
F00079,FREIGHT,SLY,DST,UP,70,True
F00080,FREIGHT,SLY,DST,UP,155,True
F00081,FREIGHT,SLY,DST,UP,1379,True
F00082,FREIGHT,SLY,DST,UP,394,True
F00083,FREIGHT,SLY,DST,UP,857,True
F00084,FREIGHT,SLY,DST,UP,1381,True
F00085,FREIGHT,SLY,DST,UP,688,True
F00086,FREIGHT,SLY,DST,DN,706,True
F00087,FREIGHT,SLY,DST,DN,686,True
F00088,FREIGHT,SLY,DST,DN,836,True
F00089,FREIGHT,SLY,DST,DN,708,True
F00090,FREIGHT,SLY,DST,DN,316,True
F00091,FREIGHT,SLY,DST,DN,770,True
F00092,FREIGHT,SLY,DST,DN,26,True
F00093,FREIGHT,SLY,DST,DN,1260,True
F00094,FREIGHT,SLY,DST,DN,173,True
F00095,FREIGHT,SLY,DST,DN,798,True
F00096,FREIGHT,SLY,DST,DN,1026,True
F00097,FREIGHT,DST,DPI,UP,1196,True
F00098,FREIGHT,DST,DPI,UP,106,True
F00099,FREIGHT,DST,DPI,UP,1378,True
F00100,FREIGHT,DST,DPI,UP,13,True
F00101,FREIGHT,DST,DPI,UP,812,True
F00102,FREIGHT,DST,DPI,UP,1282,True
F00103,FREIGHT,DST,DPI,UP,1317,True
F00104,FREIGHT,DST,DPI,UP,1399,True
F00105,FREIGHT,DST,DPI,DN,774,True
F00106,FREIGHT,DST,DPI,DN,1395,True
F00107,FREIGHT,DST,DPI,DN,151,True
F00108,FREIGHT,DST,DPI,DN,602,True
F00109,FREIGHT,DST,DPI,DN,1389,True
F00110,FREIGHT,DST,DPI,DN,1193,True
F00111,FREIGHT,DST,DPI,DN,1333,True
F00112,FREIGHT,DST,DPI,DN,773,True
F00113,FREIGHT,DST,DPI,DN,301,True
F00114,FREIGHT,DPI,MAP,UP,466,True
F00115,FREIGHT,DPI,MAP,UP,104,True
F00116,FREIGHT,DPI,MAP,UP,284,True
F00117,FREIGHT,DPI,MAP,UP,1436,True
F00118,FREIGHT,DPI,MAP,UP,74,True
F00119,FREIGHT,DPI,MAP,UP,1313,True
F00120,FREIGHT,DPI,MAP,UP,129,True
F00121,FREIGHT,DPI,MAP,DN,1322,True
F00122,FREIGHT,DPI,MAP,DN,311,True
F00123,FREIGHT,DPI,MAP,DN,1219,True
F00124,FREIGHT,DPI,MAP,DN,778,True
F00125,FREIGHT,DPI,MAP,DN,176,True
F00126,FREIGHT,DPI,MAP,DN,180,True
F00127,FREIGHT,DPI,MAP,DN,61,True
F00128,FREIGHT,DPI,MAP,DN,100,True
F00129,FREIGHT,DPI,MAP,DN,775,True
F00130,FREIGHT,DPI,MAP,DN,821,True
F00131,FREIGHT,DPI,MAP,DN,171,True
F00132,FREIGHT,DPI,MAP,DN,1188,True
F00133,FREIGHT,MAP,TNGR,UP,86,True
F00134,FREIGHT,MAP,TNGR,UP,1327,True
F00135,FREIGHT,MAP,TNGR,UP,538,True
F00136,FREIGHT,MAP,TNGR,UP,678,True
F00137,FREIGHT,MAP,TNGR,DN,1411,True
F00138,FREIGHT,MAP,TNGR,DN,1337,True
F00139,FREIGHT,MAP,TNGR,DN,35,True
F00140,FREIGHT,MAP,TNGR,DN,933,True
F00141,FREIGHT,MAP,TNGR,DN,103,True
F00142,FREIGHT,MAP,TNGR,DN,548,True
F00143,FREIGHT,MAP,TNGR,DN,1389,True
F00144,FREIGHT,MAP,TNGR,DN,1415,True
F00145,FREIGHT,MAP,TNGR,DN,1285,True
F00146,FREIGHT,MAP,TNGR,DN,1228,True
F00147,FREIGHT,TNGR,BDY,UP,77,True
F00148,FREIGHT,TNGR,BDY,UP,1309,True
F00149,FREIGHT,TNGR,BDY,UP,200,True
F00150,FREIGHT,TNGR,BDY,UP,871,True
F00151,FREIGHT,TNGR,BDY,UP,1365,True
F00152,FREIGHT,TNGR,BDY,UP,576,True
F00153,FREIGHT,TNGR,BDY,UP,475,True
F00154,FREIGHT,TNGR,BDY,UP,985,True
F00155,FREIGHT,TNGR,BDY,UP,1336,True
F00156,FREIGHT,TNGR,BDY,DN,207,True
F00157,FREIGHT,TNGR,BDY,DN,1190,True
F00158,FREIGHT,TNGR,BDY,DN,108,True
F00159,FREIGHT,TNGR,BDY,DN,28,True
F00160,FREIGHT,TNGR,BDY,DN,155,True
F00161,FREIGHT,TNGR,BDY,DN,1279,True
F00162,FREIGHT,TNGR,BDY,DN,138,True
F00163,FREIGHT,TNGR,BDY,DN,1355,True
F00164,FREIGHT,TNGR,BDY,DN,249,True
F00165,FREIGHT,TNGR,BDY,DN,147,True
F00166,FREIGHT,TNGR,BDY,DN,6,True
F00167,FREIGHT,TNGR,BDY,DN,11,True
F00168,FREIGHT,TNGR,BDY,DN,10,True
F00169,FREIGHT,TNGR,BDY,DN,870,True
F00170,FREIGHT,BDY,BQI,UP,340,True
F00171,FREIGHT,BDY,BQI,UP,764,True
F00172,FREIGHT,BDY,BQI,UP,1312,True
F00173,FREIGHT,BDY,BQI,UP,29,True
F00174,FREIGHT,BDY,BQI,UP,190,True
F00175,FREIGHT,BDY,BQI,UP,218,True
F00176,FREIGHT,BDY,BQI,UP,574,True
F00177,FREIGHT,BDY,BQI,UP,0,True
F00178,FREIGHT,BDY,BQI,DN,82,True
F00179,FREIGHT,BDY,BQI,DN,1266,True
F00180,FREIGHT,BDY,BQI,DN,1323,True
F00181,FREIGHT,BDY,BQI,DN,110,True
F00182,FREIGHT,BDY,BQI,DN,1370,True
F00183,FREIGHT,BDY,BQI,DN,1399,True
F00184,FREIGHT,BDY,BQI,DN,1248,True
F00185,FREIGHT,BDY,BQI,DN,996,True
F00186,FREIGHT,BDY,BQI,DN,106,True
F00187,FREIGHT,BQI,LCR,UP,778,True
F00188,FREIGHT,BQI,LCR,UP,711,True
F00189,FREIGHT,BQI,LCR,UP,461,True
F00190,FREIGHT,BQI,LCR,UP,278,True
F00191,FREIGHT,BQI,LCR,UP,146,True
F00192,FREIGHT,BQI,LCR,UP,568,True
F00193,FREIGHT,BQI,LCR,UP,200,True
F00194,FREIGHT,BQI,LCR,DN,322,True
F00195,FREIGHT,BQI,LCR,DN,430,True
F00196,FREIGHT,BQI,LCR,DN,341,True
F00197,FREIGHT,BQI,LCR,DN,1420,True
F00198,FREIGHT,BQI,LCR,DN,714,True
F00199,FREIGHT,BQI,LCR,DN,327,True
F00200,FREIGHT,BQI,LCR,DN,1292,True
F00201,FREIGHT,BQI,LCR,DN,972,True
F00202,FREIGHT,BQI,LCR,DN,768,True
F00203,FREIGHT,BQI,LCR,DN,904,True
F00204,FREIGHT,BQI,LCR,DN,1157,True
F00205,FREIGHT,LCR,DSPT,UP,1110,True
F00206,FREIGHT,LCR,DSPT,UP,111,True
F00207,FREIGHT,LCR,DSPT,UP,938,True
F00208,FREIGHT,LCR,DSPT,UP,1145,True
F00209,FREIGHT,LCR,DSPT,DN,1423,True
F00210,FREIGHT,LCR,DSPT,DN,1388,True
F00211,FREIGHT,LCR,DSPT,DN,1284,True
F00212,FREIGHT,LCR,DSPT,DN,1235,True
F00213,FREIGHT,LCR,DSPT,DN,1255,True
F00214,FREIGHT,LCR,DSPT,DN,296,True
F00215,FREIGHT,LCR,DSPT,DN,783,True
F00216,FREIGHT,LCR,DSPT,DN,905,True
F00217,FREIGHT,LCR,DSPT,DN,127,True
F00218,FREIGHT,LCR,DSPT,DN,813,True
F00219,FREIGHT,DSPT,TNT,UP,763,True
F00220,FREIGHT,DSPT,TNT,DN,705,True
F00221,FREIGHT,DSPT,TNT,DN,848,True
F00222,FREIGHT,DSPT,TNT,DN,115,True
F00223,FREIGHT,DSPT,TNT,DN,103,True
F00224,FREIGHT,DSPT,TNT,DN,965,True
F00225,FREIGHT,DSPT,TNT,DN,595,True
F00226,FREIGHT,DSPT,TNT,DN,1066,True
F00227,FREIGHT,DSPT,TNT,DN,344,True
F00228,FREIGHT,DSPT,TNT,DN,1253,True
F00229,FREIGHT,TNT,KPPR,UP,451,True
F00230,FREIGHT,TNT,KPPR,UP,138,True
F00231,FREIGHT,TNT,KPPR,UP,125,True
F00232,FREIGHT,TNT,KPPR,UP,656,True
F00233,FREIGHT,TNT,KPPR,UP,427,True
F00234,FREIGHT,TNT,KPPR,UP,823,True
F00235,FREIGHT,TNT,KPPR,UP,1401,True
F00236,FREIGHT,TNT,KPPR,UP,706,True
F00237,FREIGHT,TNT,KPPR,UP,459,True
F00238,FREIGHT,TNT,KPPR,DN,1439,True
F00239,FREIGHT,TNT,KPPR,DN,76,True
F00240,FREIGHT,TNT,KPPR,DN,1011,True
F00241,FREIGHT,TNT,KPPR,DN,88,True
F00242,FREIGHT,TNT,KPPR,DN,1115,True
F00243,FREIGHT,TNT,KPPR,DN,5,True
F00244,FREIGHT,TNT,KPPR,DN,1287,True
F00245,FREIGHT,TNT,KPPR,DN,298,True
F00246,FREIGHT,TNT,KPPR,DN,627,True
F00247,FREIGHT,TNT,KPPR,DN,330,True
F00248,FREIGHT,TNT,KPPR,DN,1255,True
F00249,FREIGHT,KPPR,MGSJ,UP,1382,True
F00250,FREIGHT,KPPR,MGSJ,UP,292,True
F00251,FREIGHT,KPPR,MGSJ,UP,1262,True
F00252,FREIGHT,KPPR,MGSJ,UP,1386,True
F00253,FREIGHT,KPPR,MGSJ,DN,997,True
F00254,FREIGHT,KPPR,MGSJ,DN,1325,True
F00255,FREIGHT,KPPR,MGSJ,DN,14,True
F00256,FREIGHT,KPPR,MGSJ,DN,134,True
F00257,FREIGHT,KPPR,MGSJ,DN,1248,True
F00258,FREIGHT,KPPR,MGSJ,DN,1331,True
F00259,FREIGHT,MGSJ,SA,UP,0,True
F00260,FREIGHT,MGSJ,SA,UP,0,True
F00261,FREIGHT,MGSJ,SA,UP,898,True
F00262,FREIGHT,MGSJ,SA,UP,228,True
F00263,FREIGHT,MGSJ,SA,UP,1274,True
F00264,FREIGHT,MGSJ,SA,UP,1263,True
F00265,FREIGHT,MGSJ,SA,UP,1327,True
F00266,FREIGHT,MGSJ,SA,UP,1126,True
F00267,FREIGHT,MGSJ,SA,UP,1286,True
F00268,FREIGHT,MGSJ,SA,UP,122,True
F00269,FREIGHT,MGSJ,SA,DN,905,True
F00270,FREIGHT,MGSJ,SA,DN,171,True
F00271,FREIGHT,MGSJ,SA,DN,1143,True
F00272,FREIGHT,MGSJ,SA,DN,251,True
F00273,FREIGHT,MGSJ,SA,DN,1171,True
F00274,FREIGHT,MGSJ,SA,DN,898,True
F00275,FREIGHT,MGSJ,SA,DN,4,True
F00276,FREIGHT,MGSJ,SA,DN,36,True
F00277,FREIGHT,MGSJ,SA,DN,1347,True
F00278,FREIGHT,MGSJ,SA,DN,162,True
F00279,FREIGHT,MGSJ,SA,DN,106,True
F00280,FREIGHT,MGSJ,SA,DN,1391,True
F00281,FREIGHT,SA,NEA,UP,1215,True
F00282,FREIGHT,SA,NEA,UP,818,True
F00283,FREIGHT,SA,NEA,UP,134,True
F00284,FREIGHT,SA,NEA,UP,356,True
F00285,FREIGHT,SA,NEA,UP,812,True
F00286,FREIGHT,SA,NEA,UP,1001,True
F00287,FREIGHT,SA,NEA,DN,147,True
F00288,FREIGHT,SA,NEA,DN,510,True
F00289,FREIGHT,SA,NEA,DN,667,True
F00290,FREIGHT,SA,NEA,DN,67,True
F00291,FREIGHT,SA,NEA,DN,245,True
F00292,FREIGHT,SA,NEA,DN,558,True
F00293,FREIGHT,SA,NEA,DN,864,True
F00294,FREIGHT,SA,NEA,DN,578,True
F00295,FREIGHT,SA,NEA,DN,530,True
F00296,FREIGHT,SA,NEA,DN,793,True
F00297,FREIGHT,SA,NEA,DN,355,True
F00298,FREIGHT,NEA,VRPD,UP,662,True
F00299,FREIGHT,NEA,VRPD,UP,185,True
F00300,FREIGHT,NEA,VRPD,UP,814,True
F00301,FREIGHT,NEA,VRPD,UP,1112,True
F00302,FREIGHT,NEA,VRPD,UP,998,True
F00303,FREIGHT,NEA,VRPD,UP,314,True
F00304,FREIGHT,NEA,VRPD,UP,827,True
F00305,FREIGHT,NEA,VRPD,DN,931,True
F00306,FREIGHT,NEA,VRPD,DN,741,True
F00307,FREIGHT,NEA,VRPD,DN,1173,True
F00308,FREIGHT,NEA,VRPD,DN,1373,True
F00309,FREIGHT,NEA,VRPD,DN,764,True
F00310,FREIGHT,VRPD,DVBH,UP,331,True
F00311,FREIGHT,VRPD,DVBH,UP,1283,True
F00312,FREIGHT,VRPD,DVBH,UP,89,True
F00313,FREIGHT,VRPD,DVBH,UP,112,True
F00314,FREIGHT,VRPD,DVBH,UP,50,True
F00315,FREIGHT,VRPD,DVBH,UP,273,True
F00316,FREIGHT,VRPD,DVBH,DN,320,True
F00317,FREIGHT,VRPD,DVBH,DN,1194,True
F00318,FREIGHT,VRPD,DVBH,DN,1260,True
F00319,FREIGHT,VRPD,DVBH,DN,1284,True
F00320,FREIGHT,VRPD,DVBH,DN,142,True
F00321,FREIGHT,VRPD,DVBH,DN,880,True
F00322,FREIGHT,VRPD,DVBH,DN,427,True
F00323,FREIGHT,DVBH,DC,UP,1406,True
F00324,FREIGHT,DVBH,DC,UP,346,True
F00325,FREIGHT,DVBH,DC,UP,1088,True
F00326,FREIGHT,DVBH,DC,UP,522,True
F00327,FREIGHT,DVBH,DC,UP,980,True
F00328,FREIGHT,DVBH,DC,UP,180,True
F00329,FREIGHT,DVBH,DC,DN,162,True
F00330,FREIGHT,DVBH,DC,DN,1269,True
F00331,FREIGHT,DVBH,DC,DN,1437,True
F00332,FREIGHT,DVBH,DC,DN,1293,True
F00333,FREIGHT,DVBH,DC,DN,1419,True
F00334,FREIGHT,DVBH,DC,DN,608,True
F00335,FREIGHT,DVBH,DC,DN,499,True
F00336,FREIGHT,DVBH,DC,DN,1204,True
F00337,FREIGHT,DVBH,DC,DN,628,True
F00338,FREIGHT,DC,MVPM,UP,148,True
F00339,FREIGHT,DC,MVPM,UP,1376,True
F00340,FREIGHT,DC,MVPM,UP,182,True
F00341,FREIGHT,DC,MVPM,UP,251,True
F00342,FREIGHT,DC,MVPM,UP,809,True
F00343,FREIGHT,DC,MVPM,UP,660,True
F00344,FREIGHT,DC,MVPM,UP,185,True
F00345,FREIGHT,DC,MVPM,DN,993,True
F00346,FREIGHT,DC,MVPM,DN,1058,True
F00347,FREIGHT,DC,MVPM,DN,1236,True
F00348,FREIGHT,DC,MVPM,DN,423,True
F00349,FREIGHT,DC,MVPM,DN,772,True
F00350,FREIGHT,DC,MVPM,DN,1280,True
F00351,FREIGHT,MVPM,SGE,UP,1241,True
F00352,FREIGHT,MVPM,SGE,UP,771,True
F00353,FREIGHT,MVPM,SGE,UP,1338,True
F00354,FREIGHT,MVPM,SGE,UP,1295,True
F00355,FREIGHT,MVPM,SGE,UP,334,True
F00356,FREIGHT,MVPM,SGE,UP,749,True
F00357,FREIGHT,MVPM,SGE,UP,61,True
F00358,FREIGHT,MVPM,SGE,UP,1343,True
F00359,FREIGHT,MVPM,SGE,UP,923,True
F00360,FREIGHT,MVPM,SGE,UP,310,True
F00361,FREIGHT,MVPM,SGE,DN,36,True
F00362,FREIGHT,MVPM,SGE,DN,655,True
F00363,FREIGHT,MVPM,SGE,DN,308,True
F00364,FREIGHT,MVPM,SGE,DN,35,True
F00365,FREIGHT,MVPM,SGE,DN,250,True
F00366,FREIGHT,MVPM,SGE,DN,942,True
F00367,FREIGHT,MVPM,SGE,DN,1428,True
F00368,FREIGHT,MVPM,SGE,DN,697,True
F00369,FREIGHT,MVPM,SGE,DN,1239,True
F00370,FREIGHT,MVPM,SGE,DN,1194,True
F00371,FREIGHT,SGE,ANU,UP,1227,True
F00372,FREIGHT,SGE,ANU,UP,112,True
F00373,FREIGHT,SGE,ANU,UP,1188,True
F00374,FREIGHT,SGE,ANU,UP,806,True
F00375,FREIGHT,SGE,ANU,UP,985,True
F00376,FREIGHT,SGE,ANU,DN,298,True
F00377,FREIGHT,SGE,ANU,DN,1198,True
F00378,FREIGHT,SGE,ANU,DN,404,True
F00379,FREIGHT,SGE,ANU,DN,77,True
F00380,FREIGHT,ANU,CV,UP,662,True
F00381,FREIGHT,ANU,CV,UP,1431,True
F00382,FREIGHT,ANU,CV,UP,1407,True
F00383,FREIGHT,ANU,CV,UP,544,True
F00384,FREIGHT,ANU,CV,UP,107,True
F00385,FREIGHT,ANU,CV,UP,812,True
F00386,FREIGHT,ANU,CV,UP,1368,True
F00387,FREIGHT,ANU,CV,DN,3,True
F00388,FREIGHT,ANU,CV,DN,22,True
F00389,FREIGHT,ANU,CV,DN,115,True
F00390,FREIGHT,ANU,CV,DN,1180,True
F00391,FREIGHT,ANU,CV,DN,1200,True
F00392,FREIGHT,ANU,CV,DN,1191,True
F00393,FREIGHT,ANU,CV,DN,1282,True
F00394,FREIGHT,ANU,CV,DN,182,True
F00395,FREIGHT,ANU,CV,DN,914,True
F00396,FREIGHT,ANU,CV,DN,51,True
F00397,FREIGHT,CV,ED,UP,1051,True
F00398,FREIGHT,CV,ED,UP,481,True
F00399,FREIGHT,CV,ED,UP,1356,True
F00400,FREIGHT,CV,ED,UP,220,True
F00401,FREIGHT,CV,ED,UP,1291,True
F00402,FREIGHT,CV,ED,UP,1280,True
F00403,FREIGHT,CV,ED,UP,342,True
F00404,FREIGHT,CV,ED,UP,515,True
F00405,FREIGHT,CV,ED,UP,272,True
F00406,FREIGHT,CV,ED,DN,113,True
F00407,FREIGHT,CV,ED,DN,386,True
F00408,FREIGHT,CV,ED,DN,1303,True
F00409,FREIGHT,CV,ED,DN,1418,True
F00410,FREIGHT,CV,ED,DN,497,True
